start,theta,phi,dist_km,zenith_src_deg,airmass,dead_frac_max,n_core,sigma_us,fluence_erg_cm2,fluence_ph_cm2
2024-06-27T14:23:08.791837006Z,102.28,197.94,145.6,14.64,1.034,0.098,13,76.9,1.949e-07,0.1079
2024-06-30T10:39:41.827329993Z,100.26,263.58,139.5,14.05,1.031,0.486,24,35.9,4.407e-07,0.2441
2024-07-12T06:00:25.955900996Z,125.97,200.63,161.1,16.24,1.042,0.297,17,47.3,3.620e-07,0.2005
2024-07-12T21:09:20.065649986Z,26.46,262.16,311.1,29.41,1.148,0.481,13,16.6,1.204e-07,0.0667
2024-07-13T09:55:44.361445993Z,67.42,281.43,324.3,30.59,1.162,0.839,10,13.4,2.711e-07,0.1501
2024-07-20T05:19:31.509737014Z,76.02,295.30,423.7,37.99,1.269,0.238,13,30.7,1.407e-07,0.0779
2024-07-20T08:45:36.493826985Z,71.73,290.69,35.1,3.63,1.002,0.216,20,60.8,2.117e-07,0.1173
2024-07-20T11:33:11.620254993Z,102.45,209.97,233.2,22.81,1.085,0.398,9,17.9,1.765e-07,0.0978
2024-07-23T22:45:06.286870002Z,132.23,73.74,625.8,49.93,1.554,0.401,21,31.2,4.032e-07,0.2233
2024-07-24T06:39:32.343596994Z,50.49,162.84,280.9,27.09,1.123,0.377,17,41.0,1.506e-07,0.0834
2024-07-26T05:36:58.883361011Z,125.70,278.57,372.3,34.33,1.211,0.569,19,34.4,5.566e-07,0.3082
2024-08-02T02:41:35.628547996Z,165.84,103.34,338.9,31.58,1.174,0.666,11,17.5,4.018e-07,0.2225
2024-08-08T17:01:41.653057992Z,63.24,336.36,78.3,7.97,1.010,1.073,5,10.1,1.379e-07,0.0764
2024-08-09T17:17:00.246165990Z,17.34,283.71,94.6,9.63,1.014,0.228,20,86.0,1.294e-07,0.0717
2024-08-11T14:32:06.178012013Z,39.64,55.42,449.5,39.76,1.301,0.191,16,43.5,1.159e-07,0.0642
2024-08-11T19:38:51.873010993Z,45.29,247.26,48.6,4.97,1.004,0.591,7,14.3,9.689e-08,0.0537
2024-08-14T13:39:31.620433986Z,86.52,78.84,780.7,56.96,1.834,0.201,24,62.3,2.839e-07,0.1572
2024-08-15T17:36:57.621439009Z,21.29,284.14,228.6,22.45,1.082,0.516,8,13.6,6.656e-08,0.0369
2024-08-16T14:25:08.492702990Z,29.24,299.41,38.6,3.98,1.002,0.248,12,21.0,9.054e-08,0.0501
2024-08-22T01:15:42.522466003Z,116.75,274.71,237.1,23.20,1.088,0.414,19,29.8,4.938e-07,0.2735
2024-08-22T12:58:56.901964992Z,13.39,344.28,291.0,27.94,1.132,0.231,21,87.6,1.380e-07,0.0764
2024-08-24T15:15:36.753755003Z,77.40,315.10,550.3,46.01,1.440,0.213,15,45.9,1.594e-07,0.0883
2024-08-26T12:29:15.240817993Z,79.25,36.86,88.5,9.06,1.013,0.242,12,35.9,1.396e-07,0.0773
2024-08-28T00:19:54.345310002Z,123.54,335.35,472.5,41.34,1.332,0.138,17,60.6,2.193e-07,0.1214
2024-09-04T13:05:35.438160985Z,136.59,300.32,230.2,22.49,1.082,0.736,9,16.8,2.015e-07,0.1116
2024-09-09T22:27:58.995070993Z,152.28,101.85,33.9,3.49,1.002,0.199,30,80.2,6.199e-07,0.3433
2024-09-10T09:47:18.102483004Z,120.57,130.02,597.9,48.53,1.510,0.134,33,101.4,6.677e-07,0.3698
2024-09-16T13:32:00.545332998Z,169.86,9.10,642.6,50.64,1.577,0.140,18,81.9,2.907e-07,0.1610
2024-09-17T00:48:42.678083002Z,111.22,345.53,363.6,33.58,1.200,0.198,15,36.8,1.988e-07,0.1101
2024-09-17T02:29:00.085141003Z,140.15,347.85,170.7,17.07,1.046,0.206,14,45.5,1.934e-07,0.1071
2024-09-19T22:22:44.012023001Z,131.10,8.05,294.8,28.22,1.135,0.299,13,29.0,1.967e-07,0.1089
2024-09-20T00:05:52.329530Z,151.69,249.28,622.2,49.73,1.547,0.119,23,96.1,4.558e-07,0.2524
2024-09-22T16:22:27.636195987Z,125.49,102.53,243.1,23.86,1.093,0.265,16,28.0,4.476e-07,0.2479
2024-09-23T18:15:53.269102990Z,103.23,139.55,118.1,12.04,1.022,0.138,21,110.4,3.290e-07,0.1822
2024-09-24T17:06:39.438398003Z,148.19,168.22,242.7,23.81,1.093,0.261,11,52.2,2.596e-07,0.1437
2024-09-24T20:32:08.520056992Z,151.29,195.38,377.4,34.78,1.218,0.183,18,62.6,3.397e-07,0.1881
2024-09-26T00:11:21.806050986Z,131.24,282.09,215.0,21.33,1.074,0.302,15,28.0,3.033e-07,0.1680
2024-09-26T16:02:23.390327990Z,29.69,191.94,101.5,10.37,1.017,0.212,13,46.0,9.535e-08,0.0528
2024-09-26T16:03:31.420836985Z,45.15,156.95,170.2,17.11,1.046,0.218,15,44.5,1.204e-07,0.0667
2024-09-26T23:47:44.986043989Z,28.67,97.19,111.6,11.32,1.020,0.346,12,57.8,9.182e-08,0.0509
2024-09-27T00:31:30.934542Z,93.57,136.88,703.7,53.73,1.690,0.082,70,766.2,8.975e-07,0.4970
2024-09-27T21:24:03.788944005Z,175.68,165.33,94.1,9.66,1.014,0.198,22,86.0,5.517e-07,0.3055
2024-09-28T21:41:03.173889011Z,44.03,235.36,240.9,23.68,1.092,0.481,8,18.6,8.263e-08,0.0458
2024-09-28T22:41:18.358779996Z,111.87,349.83,165.2,16.49,1.043,0.364,32,74.3,5.056e-07,0.2800
2024-09-30T09:28:48.496706008Z,149.22,186.40,586.5,48.04,1.496,0.121,18,102.9,3.324e-07,0.1841
2024-10-01T21:03:27.773905992Z,5.62,26.28,142.3,14.46,1.033,0.429,12,33.6,8.753e-08,0.0485
2024-10-01T21:53:15.470290988Z,132.93,274.30,464.1,40.46,1.314,0.143,11,36.4,1.887e-07,0.1045
2024-10-05T19:49:26.369778007Z,97.33,56.80,495.9,42.53,1.357,0.148,13,36.9,1.872e-07,0.1037
2024-10-14T11:28:10.461865007Z,143.03,179.89,747.2,55.34,1.758,0.105,14,59.6,2.703e-07,0.1497
2024-10-14T15:50:36.052275985Z,67.24,110.86,371.5,34.29,1.210,0.198,22,52.7,2.427e-07,0.1344
2024-10-16T19:28:40.816617995Z,85.20,300.16,530.0,44.84,1.410,0.183,19,39.8,2.191e-07,0.1213
2024-10-17T16:40:55.329416990Z,83.83,325.61,89.5,9.18,1.013,0.652,9,11.8,1.371e-07,0.0759
2024-10-18T20:07:39.748802006Z,114.33,5.74,371.4,34.39,1.212,0.426,12,20.0,1.878e-07,0.1040
2024-10-20T17:57:03.870876997Z,153.60,352.31,360.3,33.32,1.197,0.271,13,29.0,2.171e-07,0.1202
2024-10-21T01:32:01.254462003Z,74.66,89.71,420.7,37.96,1.268,0.400,13,17.6,1.782e-07,0.0987
2024-10-21T08:38:57.108469992Z,162.11,32.35,214.9,21.17,1.072,0.171,14,61.6,2.162e-07,0.1197
2024-10-21T14:33:00.629415005Z,28.26,110.00,247.6,24.31,1.097,0.240,20,39.1,1.454e-07,0.0805
2024-10-26T01:24:25.838198006Z,46.05,40.92,274.7,26.66,1.119,0.404,20,28.0,2.064e-07,0.1143
2024-10-26T23:59:22.250445991Z,139.70,60.85,431.2,38.66,1.281,0.161,16,51.7,2.303e-07,0.1276
2024-10-27T20:09:00.498403996Z,79.44,229.90,301.6,28.63,1.139,0.260,13,37.3,1.678e-07,0.0929
2024-10-30T05:20:33.560077995Z,134.66,186.93,304.5,28.81,1.141,0.222,24,56.7,6.080e-07,0.3367
2024-11-03T06:38:07.638466Z,175.27,105.45,211.6,20.92,1.071,0.217,12,35.1,3.074e-07,0.1703
2024-11-08T22:52:41.583167999Z,98.87,59.37,532.5,44.85,1.411,0.169,13,72.5,1.794e-07,0.0993
2024-11-11T23:52:50.616048008Z,73.06,340.46,316.2,30.02,1.155,0.034,16,368.3,1.308e-07,0.0725
2024-11-12T20:10:23.626280993Z,124.30,337.34,432.6,38.52,1.278,0.118,13,53.2,1.623e-07,0.0899
2024-11-13T19:46:07.605843007Z,65.81,353.99,456.3,40.27,1.311,0.152,15,55.0,1.435e-07,0.0795
2024-11-15T16:19:38.452681005Z,92.86,294.91,136.2,13.78,1.030,0.173,19,80.6,2.290e-07,0.1268
2024-11-17T09:22:54.179502993Z,98.00,67.50,177.4,17.75,1.050,0.380,13,28.2,2.761e-07,0.1529
2024-11-17T15:53:12.924279004Z,67.45,23.77,388.1,35.45,1.228,0.232,9,22.5,9.315e-08,0.0516
2024-11-19T18:49:55.830446988Z,50.79,254.92,341.9,32.11,1.181,0.243,18,36.8,1.536e-07,0.0850
2024-11-20T08:37:37.170554995Z,102.74,74.49,151.3,15.23,1.036,0.217,27,115.5,4.448e-07,0.2463
2024-11-21T08:54:22.097366005Z,26.56,359.84,400.2,36.25,1.240,0.122,16,85.3,9.835e-08,0.0545
2024-11-24T06:30:12.103531002Z,106.60,107.60,106.3,10.78,1.018,0.334,7,32.2,1.359e-07,0.0753
2024-11-30T13:02:25.005766987Z,142.16,44.61,557.4,46.03,1.440,0.215,16,38.8,2.243e-07,0.1242
2024-11-30T15:10:47.485502988Z,102.00,35.77,611.1,49.12,1.528,0.213,15,53.8,1.899e-07,0.1052
2024-12-02T05:31:34.410997003Z,46.67,224.44,368.9,33.76,1.203,0.375,25,45.6,2.213e-07,0.1226
2024-12-05T04:22:12.500889003Z,153.60,345.40,341.2,32.12,1.181,0.358,10,35.4,1.636e-07,0.0906
2024-12-11T10:44:54.440241008Z,155.43,279.78,226.5,22.47,1.082,0.306,25,58.0,5.130e-07,0.2841
2024-12-16T20:19:48.240725994Z,128.45,187.12,144.3,14.68,1.034,0.282,17,44.8,4.046e-07,0.2241
2024-12-17T04:58:48.746109008Z,86.80,354.70,139.5,14.05,1.031,0.293,39,106.9,4.775e-07,0.2644
2024-12-21T18:31:04.851516008Z,142.93,205.45,430.6,38.48,1.277,0.166,23,56.4,4.420e-07,0.2448
2024-12-22T18:44:59.836450010Z,144.50,189.08,248.7,24.28,1.097,0.330,13,55.7,3.233e-07,0.1791
2024-12-24T17:37:50.392643004Z,136.16,326.72,89.1,9.10,1.013,0.297,19,41.3,2.991e-07,0.1656
