start,hour,seam_lo,seam_hi,r-6,r-5,r-4,r-3,r-2,r-1,r0,r1,r2,r3,r4,r5,r6
2024-06-27T14:23:08.791837006Z,2024-06-27T14,106,104,1.024,0.960,0.929,0.937,1.016,0.829,0.934,1.080,1.094,1.131,1.159,1.177,1.129
2024-06-30T10:39:41.827329993Z,2024-06-30T10,107,105,0.960,0.950,0.965,1.055,0.852,0.945,1.134,1.145,1.189,1.214,1.234,1.152,1.152
2024-07-12T06:00:25.955900996Z,2024-07-12T06,107,104,0.947,0.947,0.994,1.123,0.912,0.970,1.206,1.266,1.286,1.318,1.320,1.223,1.181
2024-07-12T21:09:20.065649986Z,2024-07-12T21,107,104,1.018,1.019,1.016,1.057,0.780,0.795,0.950,0.961,0.995,1.009,1.045,1.012,1.026
2024-07-13T09:55:44.361445993Z,2024-07-13T09,107,104,0.935,0.957,1.021,1.136,0.919,1.000,1.235,1.290,1.317,1.342,1.321,1.221,1.180
2024-07-20T05:19:31.509737014Z,2024-07-20T05,110,107,1.006,1.000,1.045,1.141,0.864,1.055,1.089,1.242,1.267,1.307,1.270,1.309,1.164
2024-07-20T08:45:36.493826985Z,2024-07-20T08,110,108,0.997,1.000,1.052,1.151,0.889,1.085,1.124,1.268,1.288,1.337,1.292,1.344,1.169
2024-07-20T11:33:11.620254993Z,2024-07-20T11,110,107,1.125,1.083,1.080,1.064,0.734,0.828,0.814,0.899,0.920,0.946,0.948,1.032,0.980
2024-07-23T22:45:06.286870002Z,2024-07-23T22,110,107,1.008,1.017,1.078,1.166,0.880,1.076,1.103,1.267,1.285,1.305,1.275,1.302,1.150
2024-07-24T06:39:32.343596994Z,2024-07-24T06,110,108,0.999,1.023,1.103,1.197,0.903,1.139,1.144,1.298,1.340,1.341,1.320,1.325,1.164
2024-07-26T05:36:58.883361011Z,2024-07-26T05,110,108,1.005,1.012,1.088,1.183,0.892,1.123,1.123,1.298,1.310,1.334,1.288,1.321,1.154
2024-08-02T02:41:35.628547996Z,2024-08-02T02,110,108,1.012,1.045,1.100,1.198,0.972,1.102,1.099,1.272,1.285,1.383,1.321,1.289,1.132
2024-08-08T17:01:41.653057992Z,2024-08-08T17,110,108,1.023,1.040,1.117,1.190,0.973,1.053,1.057,1.252,1.279,1.362,1.290,1.260,1.131
2024-08-09T17:17:00.246165990Z,2024-08-09T17,110,108,1.011,1.049,1.119,1.226,0.974,1.074,1.068,1.279,1.321,1.370,1.309,1.275,1.134
2024-08-11T14:32:06.178012013Z,2024-08-11T14,110,108,1.021,1.055,1.124,1.214,0.958,1.046,1.054,1.265,1.294,1.346,1.281,1.249,1.112
2024-08-11T19:38:51.873010993Z,2024-08-11T19,110,108,1.019,1.062,1.143,1.246,0.995,1.089,1.104,1.300,1.342,1.382,1.300,1.273,1.141
2024-08-14T13:39:31.620433986Z,2024-08-14T13,110,108,1.021,1.062,1.117,1.199,0.968,1.045,1.048,1.243,1.297,1.337,1.292,1.250,1.119
2024-08-15T17:36:57.621439009Z,2024-08-15T17,111,108,1.021,1.088,1.166,1.237,0.902,1.063,1.181,1.315,1.343,1.367,1.274,1.260,1.115
2024-08-16T14:25:08.492702990Z,2024-08-16T14,111,109,1.011,1.076,1.173,1.250,0.897,1.061,1.185,1.341,1.343,1.365,1.264,1.270,1.125
2024-08-22T01:15:42.522466003Z,2024-08-22T01,111,108,1.060,1.050,1.022,0.933,0.588,0.707,0.786,0.872,0.890,0.925,0.911,0.973,0.916
2024-08-22T12:58:56.901964992Z,2024-08-22T12,111,108,1.028,1.089,1.179,1.207,0.868,1.049,1.137,1.302,1.310,1.325,1.229,1.238,1.102
2024-08-24T15:15:36.753755003Z,2024-08-24T15,111,109,1.038,1.082,1.184,1.231,0.844,1.015,1.133,1.260,1.298,1.313,1.202,1.237,1.072
2024-08-26T12:29:15.240817993Z,2024-08-26T12,111,108,1.025,1.099,1.188,1.239,0.876,1.045,1.180,1.300,1.317,1.339,1.231,1.237,1.092
2024-08-28T00:19:54.345310002Z,2024-08-28T00,111,108,1.060,1.073,1.071,1.028,0.692,0.814,0.925,1.029,1.046,1.051,1.015,1.065,0.984
2024-09-04T13:05:35.438160985Z,2024-09-04T13,111,109,1.065,1.089,1.107,1.088,0.766,0.925,0.904,1.046,1.080,1.092,1.050,1.071,0.997
2024-09-09T22:27:58.995070993Z,2024-09-09T22,111,109,1.041,1.096,1.166,1.224,0.906,1.115,1.087,1.278,1.303,1.296,1.215,1.189,1.087
2024-09-10T09:47:18.102483004Z,2024-09-10T09,111,109,1.054,1.072,1.045,1.004,0.701,0.843,0.817,0.957,0.984,1.018,0.995,1.018,0.964
2024-09-16T13:32:00.545332998Z,2024-09-16T13,112,110,1.047,1.049,1.024,0.972,0.752,0.687,0.785,0.925,0.943,0.977,0.967,0.998,0.930
2024-09-17T00:48:42.678083002Z,2024-09-17T00,112,110,1.040,1.109,1.175,1.244,1.022,0.972,1.096,1.312,1.313,1.320,1.233,1.211,1.083
2024-09-17T02:29:00.085141003Z,2024-09-17T02,112,109,1.055,1.102,1.180,1.267,1.051,0.964,1.117,1.312,1.349,1.340,1.243,1.198,1.090
2024-09-19T22:22:44.012023001Z,2024-09-19T22,112,110,1.053,1.117,1.191,1.264,1.035,0.960,1.121,1.318,1.331,1.328,1.232,1.192,1.078
2024-09-20T00:05:52.329530Z,2024-09-20T00,112,110,1.052,1.129,1.206,1.263,1.057,0.984,1.118,1.313,1.339,1.362,1.223,1.193,1.076
2024-09-22T16:22:27.636195987Z,2024-09-22T16,112,110,1.045,1.117,1.180,1.227,1.008,0.937,1.098,1.290,1.275,1.283,1.196,1.188,1.059
2024-09-23T18:15:53.269102990Z,2024-09-23T18,112,110,1.045,1.127,1.191,1.245,1.026,0.955,1.114,1.320,1.311,1.314,1.210,1.189,1.077
2024-09-24T17:06:39.438398003Z,2024-09-24T17,112,110,1.045,1.109,1.192,1.256,1.018,0.954,1.114,1.306,1.313,1.337,1.215,1.175,1.077
2024-09-24T20:32:08.520056992Z,2024-09-24T20,112,110,1.046,1.104,1.195,1.271,1.040,0.957,1.119,1.301,1.313,1.344,1.240,1.208,1.079
2024-09-26T00:11:21.806050986Z,2024-09-26T00,112,110,1.049,1.118,1.167,1.172,0.952,0.868,1.027,1.199,1.213,1.233,1.168,1.157,0.999
2024-09-26T16:02:23.390327990Z,2024-09-26T16,112,110,1.055,1.107,1.179,1.234,1.018,0.934,1.096,1.295,1.298,1.321,1.228,1.195,1.074
2024-09-26T16:03:31.420836985Z,2024-09-26T16,112,110,1.055,1.107,1.179,1.234,1.018,0.934,1.096,1.295,1.298,1.321,1.228,1.195,1.074
2024-09-26T23:47:44.986043989Z,2024-09-26T23,112,110,1.061,1.115,1.191,1.224,1.009,0.930,1.092,1.263,1.266,1.301,1.214,1.174,1.051
2024-09-27T00:31:30.934542Z,2024-09-27T00,112,110,1.071,1.122,1.200,1.276,1.025,0.957,1.111,1.326,1.311,1.315,1.222,1.167,1.064
2024-09-27T21:24:03.788944005Z,2024-09-27T21,112,110,1.021,1.079,1.138,1.199,1.113,0.940,1.021,1.188,1.266,1.313,1.253,1.240,1.113
2024-09-28T21:41:03.173889011Z,2024-09-28T21,112,110,1.024,1.071,1.156,1.249,1.146,0.976,1.049,1.249,1.297,1.354,1.301,1.257,1.112
2024-09-28T22:41:18.358779996Z,2024-09-28T22,112,110,1.035,1.081,1.160,1.226,1.074,0.898,0.986,1.170,1.206,1.267,1.218,1.205,1.078
2024-09-30T09:28:48.496706008Z,2024-09-30T09,112,110,1.048,1.070,1.117,1.130,0.985,0.819,0.901,1.074,1.120,1.152,1.118,1.118,1.049
2024-10-01T21:03:27.773905992Z,2024-10-01T21,112,110,1.040,1.072,1.133,1.171,1.037,0.866,0.928,1.106,1.145,1.205,1.166,1.153,1.064
2024-10-01T21:53:15.470290988Z,2024-10-01T21,112,110,1.040,1.072,1.133,1.171,1.037,0.866,0.928,1.106,1.145,1.205,1.166,1.153,1.064
2024-10-05T19:49:26.369778007Z,2024-10-05T19,112,110,1.036,1.083,1.132,1.200,1.046,0.887,0.946,1.140,1.183,1.226,1.181,1.180,1.081
2024-10-14T11:28:10.461865007Z,2024-10-14T11,112,110,1.036,1.096,1.167,1.235,1.114,0.965,1.031,1.251,1.299,1.315,1.263,1.218,1.101
2024-10-14T15:50:36.052275985Z,2024-10-14T15,112,110,1.052,1.091,1.137,1.158,1.008,0.857,0.915,1.111,1.160,1.193,1.146,1.118,1.055
2024-10-16T19:28:40.816617995Z,2024-10-16T19,111,109,1.069,1.083,1.070,1.001,0.865,0.624,0.715,0.827,0.872,0.918,0.918,0.945,0.901
2024-10-17T16:40:55.329416990Z,2024-10-17T16,111,109,1.082,1.089,1.067,1.034,0.902,0.661,0.751,0.882,0.921,0.946,0.940,0.950,0.923
2024-10-18T20:07:39.748802006Z,2024-10-18T20,111,109,1.078,1.088,1.068,1.018,0.879,0.637,0.739,0.874,0.907,0.941,0.941,0.959,0.917
2024-10-20T17:57:03.870876997Z,2024-10-20T17,111,109,1.063,1.076,1.055,1.016,0.870,0.632,0.745,0.879,0.906,0.946,0.939,0.959,0.911
2024-10-21T01:32:01.254462003Z,2024-10-21T01,111,109,1.042,1.101,1.159,1.202,1.144,0.873,1.037,1.215,1.247,1.271,1.209,1.182,1.081
2024-10-21T08:38:57.108469992Z,2024-10-21T08,111,109,1.048,1.090,1.172,1.242,1.196,0.920,1.061,1.265,1.279,1.319,1.256,1.213,1.082
2024-10-21T14:33:00.629415005Z,2024-10-21T14,111,109,1.074,1.075,1.081,1.041,0.933,0.667,0.770,0.927,0.956,0.991,0.972,0.999,0.948
2024-10-26T01:24:25.838198006Z,2024-10-26T01,111,109,1.045,1.087,1.156,1.242,1.179,0.899,1.066,1.267,1.297,1.310,1.258,1.202,1.095
2024-10-26T23:59:22.250445991Z,2024-10-26T23,111,109,1.043,1.097,1.155,1.205,1.165,0.883,1.027,1.226,1.251,1.276,1.226,1.183,1.080
2024-10-27T20:09:00.498403996Z,2024-10-27T20,111,109,1.056,1.089,1.119,1.146,1.076,0.800,0.958,1.126,1.161,1.198,1.134,1.102,1.025
2024-10-30T05:20:33.560077995Z,2024-10-30T05,111,109,1.045,1.100,1.185,1.243,1.227,0.919,1.086,1.307,1.324,1.336,1.273,1.218,1.087
2024-11-03T06:38:07.638466Z,2024-11-03T06,112,110,1.065,1.110,1.137,1.051,0.748,0.859,1.163,1.201,1.153,1.187,1.112,1.052,0.990
2024-11-08T22:52:41.583167999Z,2024-11-08T22,112,109,1.086,1.162,1.218,1.179,0.856,0.937,1.302,1.339,1.296,1.285,1.200,1.110,1.024
2024-11-11T23:52:50.616048008Z,2024-11-11T23,112,109,1.096,1.182,1.231,1.199,0.871,0.946,1.322,1.347,1.316,1.312,1.215,1.117,1.029
2024-11-12T20:10:23.626280993Z,2024-11-12T20,112,110,1.096,1.159,1.239,1.193,0.874,0.948,1.310,1.338,1.299,1.300,1.211,1.113,1.032
2024-11-13T19:46:07.605843007Z,2024-11-13T19,112,109,1.089,1.158,1.238,1.190,0.874,0.952,1.315,1.360,1.306,1.303,1.221,1.121,1.042
2024-11-15T16:19:38.452681005Z,2024-11-15T16,112,110,1.080,1.128,1.205,1.255,1.039,0.854,1.209,1.309,1.292,1.292,1.188,1.166,1.054
2024-11-17T09:22:54.179502993Z,2024-11-17T09,112,110,1.064,1.092,1.105,1.089,0.882,0.738,1.028,1.110,1.111,1.121,1.063,1.071,0.987
2024-11-17T15:53:12.924279004Z,2024-11-17T15,112,110,1.082,1.153,1.212,1.245,1.043,0.869,1.213,1.329,1.298,1.284,1.198,1.154,1.050
2024-11-19T18:49:55.830446988Z,2024-11-19T18,112,110,1.091,1.144,1.210,1.260,1.039,0.863,1.195,1.311,1.289,1.287,1.190,1.158,1.041
2024-11-20T08:37:37.170554995Z,2024-11-20T08,112,110,1.074,1.096,1.104,1.109,0.890,0.743,1.051,1.125,1.109,1.113,1.081,1.074,1.002
2024-11-21T08:54:22.097366005Z,2024-11-21T08,112,110,1.069,1.115,1.119,1.140,0.918,0.779,1.083,1.166,1.144,1.145,1.084,1.067,1.004
2024-11-24T06:30:12.103531002Z,2024-11-24T06,112,110,1.074,1.099,1.082,1.075,0.890,0.730,1.034,1.124,1.101,1.099,1.039,1.058,0.986
2024-11-30T13:02:25.005766987Z,2024-11-30T13,112,110,1.096,1.147,1.204,1.257,1.040,0.843,1.211,1.316,1.284,1.253,1.180,1.147,1.042
2024-11-30T15:10:47.485502988Z,2024-11-30T15,112,110,1.093,1.155,1.238,1.280,1.065,0.865,1.247,1.344,1.288,1.287,1.199,1.165,1.043
2024-12-02T05:31:34.410997003Z,2024-12-02T05,112,111,1.074,1.120,1.158,1.200,1.154,0.747,1.100,1.238,1.266,1.240,1.161,1.142,1.058
2024-12-05T04:22:12.500889003Z,2024-12-05T04,112,111,1.068,1.118,1.153,1.187,1.163,0.738,1.111,1.228,1.261,1.241,1.163,1.158,1.056
2024-12-11T10:44:54.440241008Z,2024-12-11T10,112,111,1.083,1.152,1.236,1.265,1.227,0.788,1.211,1.321,1.327,1.287,1.219,1.178,1.055
2024-12-16T20:19:48.240725994Z,2024-12-16T20,112,110,1.069,1.119,1.127,1.130,1.093,0.700,1.043,1.148,1.187,1.174,1.107,1.108,1.025
2024-12-17T04:58:48.746109008Z,2024-12-17T04,112,110,1.077,1.150,1.183,1.227,1.177,0.766,1.126,1.250,1.301,1.270,1.189,1.162,1.050
2024-12-21T18:31:04.851516008Z,2024-12-21T18,113,110,1.082,1.093,1.143,1.159,0.815,0.858,1.189,1.145,1.091,1.054,1.050,0.999,0.990
2024-12-22T18:44:59.836450010Z,2024-12-22T18,113,111,1.104,1.114,1.171,1.189,0.831,0.880,1.225,1.161,1.087,1.063,1.036,1.002,0.966
2024-12-24T17:37:50.392643004Z,2024-12-24T17,113,110,1.090,1.114,1.170,1.162,0.806,0.868,1.216,1.150,1.075,1.052,1.036,1.011,0.975
