day,hour,n_gti_seg,gti_s,span_s,met_start,met_stop,n_posatt_files
2022-10-21,20,1,315.0,315.0,120082154.000,120082469.000,5
2022-10-27,23,1,233.0,233.0,120614166.000,120614399.000,1
2022-10-28,00,1,735.0,735.0,120614300.000,120615035.000,1
2023-01-08,00,1,673.0,673.0,126837474.000,126838147.000,18
2023-01-08,01,1,2454.0,2454.0,126839945.000,126842399.000,18
2023-01-08,02,2,2011.0,3699.0,126842300.000,126845999.000,18
2023-01-08,03,1,3648.0,3648.0,126845951.000,126849599.000,18
2023-01-08,04,1,906.0,906.0,126849500.000,126850406.000,18
2023-01-17,14,1,861.0,861.0,127665938.000,127666799.000,18
2023-01-17,15,1,3589.0,3589.0,127666700.000,127670289.000,18
2023-01-17,16,1,2587.0,2587.0,127671412.000,127673999.000,18
2023-01-17,17,2,2231.0,3699.0,127673900.000,127677599.000,18
2023-01-17,18,1,247.0,247.0,127677563.000,127677810.000,18
2023-02-01,11,1,974.0,974.0,128949907.000,128950881.000,10
2023-02-01,13,1,904.0,904.0,128955769.000,128956673.000,10
2023-02-01,14,1,931.0,931.0,128961529.000,128962460.000,10
2023-02-01,16,1,739.0,739.0,128967540.000,128968279.000,10
2023-02-01,17,1,489.0,489.0,128973110.000,128973599.000,10
2023-02-01,18,1,563.0,563.0,128973500.000,128974063.000,10
2023-02-01,19,1,903.0,903.0,128978962.000,128979865.000,10
2023-02-01,21,1,931.0,931.0,128984741.000,128985672.000,10
2023-02-01,22,2,779.0,869.0,128990634.000,128991503.000,10
2023-02-01,23,-1,0.0,0.0,0.000,0.000,10
2023-02-02,00,1,1201.0,1201.0,128996054.000,128997255.000,7
2023-02-02,01,1,715.0,715.0,129001684.000,129002399.000,7
2023-02-02,02,1,723.0,723.0,129002300.000,129003023.000,7
2023-02-02,03,1,1183.0,1183.0,129007618.000,129008801.000,7
2023-02-02,05,1,1322.0,1322.0,129013289.000,129014611.000,7
2023-02-02,06,1,1142.0,1142.0,129019257.000,129020399.000,7
2023-02-02,07,1,131.0,131.0,129020300.000,129020431.000,7
2023-02-24,01,1,684.0,684.0,130900749.000,130901433.000,4
2023-02-24,02,1,3558.0,3558.0,130903241.000,130906799.000,4
2023-02-24,03,2,2002.0,3699.0,130906700.000,130910399.000,4
2023-02-24,04,1,2626.0,2626.0,130910300.000,130912926.000,4
2023-04-21,05,1,285.0,285.0,135755714.000,135755999.000,2
2023-04-21,06,1,196.0,196.0,135755900.000,135756096.000,2
2023-05-03,02,1,2244.0,2244.0,136779755.000,136781999.000,3
2023-05-03,03,1,3699.0,3699.0,136781900.000,136785599.000,3
2023-05-03,04,1,1519.0,1519.0,136785500.000,136787019.000,3
2023-05-10,01,1,1889.0,1889.0,137381310.000,137383199.000,4
2023-05-10,02,1,3699.0,3699.0,137383100.000,137386799.000,4
2023-05-10,03,1,3699.0,3699.0,137386700.000,137390399.000,4
2023-05-10,04,1,3225.0,3225.0,137390300.000,137393525.000,4
2023-05-31,23,1,1045.0,1045.0,139275754.000,139276799.000,1
2023-06-01,00,1,2988.0,2988.0,139276700.000,139279688.000,8
2023-06-01,01,1,2461.0,2461.0,139281538.000,139283999.000,8
2023-06-01,02,2,1838.0,3699.0,139283900.000,139287599.000,8
2023-06-01,03,1,3699.0,3699.0,139287500.000,139291199.000,8
2023-06-01,04,1,166.0,166.0,139291100.000,139291266.000,8
2023-06-01,06,1,3104.0,3104.0,139298895.000,139301999.000,8
2023-06-01,07,1,710.0,710.0,139301900.000,139302610.000,8
2023-06-01,09,1,1104.0,1104.0,139310461.000,139311565.000,8
2023-06-02,01,1,51.0,51.0,139370348.000,139370399.000,2
2023-06-02,02,1,2081.0,2081.0,139370348.000,139372429.000,2
2023-06-07,06,1,399.0,399.0,139817021.000,139817420.000,2
2023-06-07,23,1,138.0,138.0,139880687.000,139880825.000,2
2023-06-08,00,1,200.0,200.0,139882172.000,139882372.000,3
2023-06-08,11,1,1375.0,1375.0,139921383.000,139922758.000,3
2023-06-08,19,1,1732.0,1732.0,139950263.000,139951995.000,3
2023-06-16,11,1,547.0,547.0,140615452.000,140615999.000,3
2023-06-16,12,1,508.0,508.0,140615900.000,140616408.000,3
2023-06-16,16,1,1460.0,1460.0,140632150.000,140633610.000,3
2023-06-17,00,2,758.0,1497.0,140661190.000,140662687.000,6
2023-06-17,05,1,1192.0,1192.0,140678926.000,140680118.000,6
2023-06-17,10,1,1706.0,1706.0,140695856.000,140697562.000,6
2023-06-17,14,1,133.0,133.0,140713066.000,140713199.000,6
2023-06-17,15,1,1725.0,1725.0,140713100.000,140714825.000,6
2023-06-18,05,1,1943.0,1943.0,140765256.000,140767199.000,5
2023-06-18,06,1,210.0,210.0,140767100.000,140767310.000,5
2023-06-18,11,1,603.0,603.0,140788196.000,140788799.000,5
2023-06-18,12,1,1916.0,1916.0,140788700.000,140790616.000,5
2023-06-18,18,1,2105.0,2105.0,140811490.000,140813595.000,5
2023-06-19,13,1,1066.0,1066.0,140881333.000,140882399.000,3
2023-06-19,14,1,3374.0,3374.0,140882300.000,140885674.000,3
2023-06-19,15,1,1421.0,1421.0,140886854.000,140888275.000,3
2023-06-24,23,1,3699.0,3699.0,141346700.000,141350399.000,5
2023-06-25,00,1,1469.0,1469.0,141350300.000,141351769.000,1
2023-06-26,04,1,538.0,538.0,141454261.000,141454799.000,5
2023-06-26,05,1,3699.0,3699.0,141454700.000,141458399.000,5
2023-06-26,06,1,3699.0,3699.0,141458300.000,141461999.000,5
2023-06-26,07,1,3699.0,3699.0,141461900.000,141465599.000,5
2023-06-26,08,1,681.0,681.0,141465500.000,141466181.000,5
2023-06-28,19,1,1356.0,1356.0,141680243.000,141681599.000,4
2023-06-28,20,1,3699.0,3699.0,141681500.000,141685199.000,4
2023-06-28,21,1,3699.0,3699.0,141685100.000,141688799.000,4
2023-06-28,22,1,3282.0,3282.0,141688700.000,141691982.000,4
2023-07-01,08,1,1106.0,1106.0,141900093.000,141901199.000,7
2023-07-01,09,2,2478.0,3699.0,141901100.000,141904799.000,7
2023-07-01,10,1,3615.0,3615.0,141904700.000,141908315.000,7
2023-07-01,11,2,2229.0,3571.0,141908300.000,141911871.000,7
2023-08-06,02,1,1366.0,1366.0,144987845.000,144989211.000,5
2023-08-06,07,1,1244.0,1244.0,145005660.000,145006904.000,5
2023-08-06,12,1,1471.0,1471.0,145022841.000,145024312.000,5
2023-08-06,16,1,245.0,245.0,145040154.000,145040399.000,5
2023-08-06,17,1,1360.0,1360.0,145040300.000,145041660.000,5
2023-08-10,04,1,1828.0,1828.0,145340333.000,145342161.000,8
2023-08-10,07,1,1095.0,1095.0,145352504.000,145353599.000,8
2023-08-10,08,1,370.0,370.0,145353500.000,145353870.000,8
2023-08-10,10,1,276.0,276.0,145364123.000,145364399.000,8
2023-08-10,11,1,1189.0,1189.0,145364300.000,145365489.000,8
2023-08-10,15,1,1370.0,1370.0,145381029.000,145382399.000,8
2023-08-10,16,1,471.0,471.0,145382300.000,145382771.000,8
2023-08-10,22,2,1457.0,2092.0,145404124.000,145406216.000,8
2023-08-11,02,1,667.0,667.0,145421332.000,145421999.000,7
2023-08-11,03,1,1703.0,1703.0,145421900.000,145423603.000,7
2023-08-11,07,1,1381.0,1381.0,145438618.000,145439999.000,7
2023-08-11,08,1,1164.0,1164.0,145439900.000,145441064.000,7
2023-08-11,12,1,1694.0,1694.0,145456305.000,145457999.000,7
2023-08-11,13,1,737.0,737.0,145457900.000,145458637.000,7
2023-08-11,19,1,1947.0,1947.0,145479873.000,145481820.000,7
2023-08-12,00,1,3556.0,3556.0,145497643.000,145501199.000,3
2023-08-12,01,1,2393.0,2393.0,145501100.000,145503493.000,3
2023-08-12,11,1,2681.0,2681.0,145537239.000,145539920.000,3
2023-08-13,03,1,2334.0,2334.0,145596065.000,145598399.000,3
2023-08-13,04,1,3699.0,3699.0,145598300.000,145601999.000,3
2023-08-13,05,1,1262.0,1262.0,145601900.000,145603162.000,3
2023-08-14,09,1,1411.0,1411.0,145704988.000,145706399.000,3
2023-08-14,10,1,2702.0,2702.0,145706300.000,145709002.000,3
2023-08-14,11,1,2806.0,2806.0,145710031.000,145712837.000,3
2023-08-15,16,1,2175.0,2175.0,145815824.000,145817999.000,3
2023-08-15,17,2,2683.0,3699.0,145817900.000,145821599.000,3
2023-08-15,18,1,1276.0,1276.0,145821500.000,145822776.000,3
2023-08-16,21,1,2730.0,2730.0,145919669.000,145922399.000,3
2023-08-16,22,1,3699.0,3699.0,145922300.000,145925999.000,3
2023-08-16,23,1,1085.0,1085.0,145925900.000,145926985.000,3
2023-09-09,07,1,1332.0,1332.0,147943967.000,147945299.000,4
2023-09-09,13,1,515.0,515.0,147966684.000,147967199.000,4
2023-09-09,14,1,1473.0,1473.0,147967100.000,147968573.000,4
2023-09-09,20,1,2070.0,2070.0,147989772.000,147991842.000,4
2023-09-10,05,1,146.0,146.0,148024653.000,148024799.000,3
2023-09-10,06,2,2913.0,3699.0,148024700.000,148028399.000,3
2023-09-10,07,1,2723.0,2723.0,148028300.000,148031023.000,3
2023-10-01,04,1,1164.0,1164.0,149834435.000,149835599.000,6
2023-10-01,05,1,630.0,630.0,149835500.000,149836130.000,6
2023-10-01,09,1,1845.0,1845.0,149851690.000,149853535.000,6
2023-10-01,10,1,35.0,35.0,149853500.000,149853535.000,6
2023-10-01,14,1,1680.0,1680.0,149869143.000,149870823.000,6
2023-10-01,19,1,1619.0,1619.0,149886912.000,149888531.000,6
2023-10-02,00,1,1897.0,1897.0,149904216.000,149906113.000,9
2023-10-02,04,1,883.0,883.0,149921116.000,149921999.000,9
2023-10-02,05,1,1476.0,1476.0,149921900.000,149923376.000,9
2023-10-02,09,1,1316.0,1316.0,149938683.000,149939999.000,9
2023-10-02,10,1,1176.0,1176.0,149939900.000,149941076.000,9
2023-10-02,15,-1,0.0,0.0,0.000,0.000,9
2023-10-02,16,1,2357.0,2357.0,149961596.000,149963953.000,9
2023-10-02,22,1,1807.0,1807.0,149984992.000,149986799.000,9
2023-10-02,23,1,791.0,791.0,149986700.000,149987491.000,9
2023-10-03,03,1,1823.0,1823.0,150002976.000,150004799.000,6
2023-10-03,04,1,3699.0,3699.0,150004700.000,150008399.000,6
2023-10-03,05,1,544.0,544.0,150008300.000,150008844.000,6
2023-10-03,17,1,131.0,131.0,150055068.000,150055199.000,6
2023-10-03,18,1,3699.0,3699.0,150055100.000,150058799.000,6
2023-10-03,19,2,1488.0,2203.0,150058700.000,150060903.000,6
2023-10-04,08,1,2052.0,2052.0,150107147.000,150109199.000,3
2023-10-04,09,2,2773.0,3699.0,150109100.000,150112799.000,3
2023-10-04,10,1,244.0,244.0,150112700.000,150112944.000,3
2023-10-05,01,1,335.0,335.0,150170064.000,150170399.000,7
2023-10-05,02,1,2332.0,2332.0,150170300.000,150172632.000,7
2023-10-05,06,1,337.0,337.0,150188062.000,150188399.000,7
2023-10-05,07,1,3699.0,3699.0,150188300.000,150191999.000,7
2023-10-05,08,1,2018.0,2018.0,150191900.000,150193918.000,7
2023-10-05,22,1,643.0,643.0,150245356.000,150245999.000,7
2023-10-05,23,1,2068.0,2068.0,150245900.000,150247968.000,7
2023-10-06,05,1,2713.0,2713.0,150268419.000,150271132.000,5
2023-10-06,06,1,32.0,32.0,150271100.000,150271132.000,5
2023-10-06,11,1,927.0,927.0,150291872.000,150292799.000,5
2023-10-06,12,1,2428.0,2428.0,150292700.000,150295128.000,5
2023-10-06,13,1,1534.0,1534.0,150296476.000,150298010.000,5
2023-10-07,03,1,1264.0,1264.0,150349135.000,150350399.000,4
2023-10-07,04,1,1741.0,1741.0,150350300.000,150352041.000,4
2023-10-07,11,1,1326.0,1326.0,150377873.000,150379199.000,4
2023-10-07,12,1,1733.0,1733.0,150379100.000,150380833.000,4
2023-10-11,05,1,831.0,831.0,150702368.000,150703199.000,3
2023-10-11,06,2,2612.0,3699.0,150703100.000,150706799.000,3
2023-10-11,07,1,2936.0,2936.0,150706700.000,150709636.000,3
2023-10-17,03,2,2279.0,3380.0,151211019.000,151214399.000,6
2023-10-17,04,1,3699.0,3699.0,151214300.000,151217999.000,6
2023-10-17,05,1,692.0,692.0,151217900.000,151218592.000,6
2023-10-20,03,1,1155.0,1155.0,151471732.000,151472887.000,6
2023-10-20,04,1,2981.0,2981.0,151474218.000,151477199.000,6
2023-10-20,05,1,1741.0,1741.0,151477100.000,151478841.000,6
2023-10-22,02,2,2237.0,3553.0,151639246.000,151642799.000,6
2023-10-22,03,1,3578.0,3578.0,151642700.000,151646278.000,6
2023-10-23,19,1,1423.0,1423.0,151788976.000,151790399.000,6
2023-10-23,20,1,3699.0,3699.0,151790300.000,151793999.000,6
2023-10-23,21,1,3017.0,3017.0,151793900.000,151796917.000,6
2023-10-25,02,2,1383.0,2730.0,151899269.000,151901999.000,9
2023-10-25,03,1,1901.0,1901.0,151901900.000,151903801.000,9
2023-12-16,01,1,2835.0,2835.0,156388364.000,156391199.000,9
2023-12-16,02,2,2404.0,3699.0,156391100.000,156394799.000,9
2023-12-16,03,1,3634.0,3634.0,156394700.000,156398334.000,9
2023-12-16,04,1,34.0,34.0,156398300.000,156398334.000,9
2023-12-16,17,1,325.0,325.0,156448474.000,156448799.000,9
2023-12-16,18,1,3699.0,3699.0,156448700.000,156452399.000,9
2023-12-16,19,1,3699.0,3699.0,156452300.000,156455999.000,9
2023-12-16,20,1,3699.0,3699.0,156455900.000,156459599.000,9
2023-12-16,21,1,1784.0,1784.0,156459500.000,156461284.000,9
2023-12-17,11,1,466.0,466.0,156513133.000,156513599.000,5
2023-12-17,12,1,3699.0,3699.0,156513500.000,156517199.000,5
2023-12-17,13,1,3699.0,3699.0,156517100.000,156520799.000,5
2023-12-17,14,1,3699.0,3699.0,156520700.000,156524399.000,5
2023-12-17,15,1,1199.0,1199.0,156524300.000,156525499.000,5
2023-12-18,05,1,1809.0,1809.0,156576440.000,156578249.000,5
2023-12-18,06,1,3038.0,3038.0,156578961.000,156581999.000,5
2023-12-18,07,1,3699.0,3699.0,156581900.000,156585599.000,5
2023-12-18,08,1,3569.0,3569.0,156585500.000,156589069.000,5
2023-12-18,23,2,1628.0,2975.0,156640224.000,156643199.000,5
2023-12-19,00,1,3415.0,3415.0,156643100.000,156646515.000,7
2023-12-19,01,1,2593.0,2593.0,156647806.000,156650399.000,7
2023-12-19,02,1,2353.0,2353.0,156650300.000,156652653.000,7
2023-12-19,18,1,1761.0,1761.0,156709838.000,156711599.000,7
2023-12-19,19,1,3699.0,3699.0,156711500.000,156715199.000,7
2023-12-19,20,2,2626.0,3699.0,156715100.000,156718799.000,7
2023-12-19,21,1,2428.0,2428.0,156718700.000,156721128.000,7
2023-12-20,15,1,2124.0,2124.0,156785075.000,156787199.000,4
2023-12-20,16,1,3699.0,3699.0,156787100.000,156790799.000,4
2023-12-20,17,1,3699.0,3699.0,156790700.000,156794399.000,4
2023-12-20,18,2,2114.0,2837.0,156794300.000,156797137.000,4
2023-12-21,14,1,3576.0,3576.0,156866423.000,156869999.000,4
2023-12-21,15,1,3699.0,3699.0,156869900.000,156873599.000,4
2023-12-21,16,1,3699.0,3699.0,156873500.000,156877199.000,4
2023-12-21,17,1,948.0,948.0,156877100.000,156878048.000,4
2023-12-22,15,1,1468.0,1468.0,156958531.000,156959999.000,3
2023-12-22,16,1,3699.0,3699.0,156959900.000,156963599.000,3
2023-12-22,17,1,2895.0,2895.0,156963500.000,156966395.000,3
2023-12-23,10,1,318.0,318.0,157028081.000,157028399.000,4
2023-12-23,11,1,3699.0,3699.0,157028300.000,157031999.000,4
2023-12-23,12,1,3668.0,3668.0,157031900.000,157035568.000,4
2023-12-23,13,1,68.0,68.0,157035500.000,157035568.000,4
2023-12-24,07,1,963.0,963.0,157103036.000,157103999.000,3
2023-12-24,08,1,3699.0,3699.0,157103900.000,157107599.000,3
2023-12-24,09,1,3095.0,3095.0,157107500.000,157110595.000,3
2023-12-25,07,1,802.0,802.0,157189597.000,157190399.000,3
2023-12-25,08,1,3699.0,3699.0,157190300.000,157193999.000,3
2023-12-25,09,1,3308.0,3308.0,157193900.000,157197208.000,3
2023-12-26,09,1,1772.0,1772.0,157282227.000,157283999.000,3
2023-12-26,10,1,3699.0,3699.0,157283900.000,157287599.000,3
2023-12-26,11,1,2101.0,2101.0,157287500.000,157289601.000,3
2023-12-27,12,1,737.0,737.0,157380462.000,157381199.000,3
2023-12-27,13,1,3699.0,3699.0,157381100.000,157384799.000,3
2023-12-27,14,1,3065.0,3065.0,157384700.000,157387765.000,3
2023-12-28,20,1,204.0,204.0,157496195.000,157496399.000,3
2023-12-28,21,1,3699.0,3699.0,157496300.000,157499999.000,3
2023-12-28,22,2,2433.0,3485.0,157499900.000,157503385.000,3
2023-12-30,09,1,640.0,640.0,157628959.000,157629599.000,3
2023-12-30,10,1,3699.0,3699.0,157629500.000,157633199.000,3
2023-12-30,11,1,3058.0,3058.0,157633100.000,157636158.000,3
2024-01-01,02,1,3430.0,3430.0,157773769.000,157777199.000,3
2024-01-01,03,1,3619.0,3619.0,157777100.000,157780719.000,3
2024-01-01,04,1,19.0,19.0,157780700.000,157780719.000,3
2024-01-02,16,1,1620.0,1620.0,157912379.000,157913999.000,6
2024-01-02,17,1,2616.0,2616.0,157913900.000,157916516.000,6
2024-01-02,18,1,1516.0,1516.0,157917801.000,157919317.000,6
2024-01-04,10,1,2525.0,2525.0,158062674.000,158065199.000,6
2024-01-04,11,2,2958.0,3699.0,158065100.000,158068799.000,6
2024-01-04,12,1,997.0,997.0,158068700.000,158069697.000,6
2024-01-06,05,1,1685.0,1685.0,158218314.000,158219999.000,6
2024-01-06,06,1,3699.0,3699.0,158219900.000,158223599.000,6
2024-01-06,07,1,2153.0,2153.0,158223500.000,158225653.000,6
2024-01-07,21,1,1096.0,1096.0,158362903.000,158363999.000,6
2024-01-07,22,1,3699.0,3699.0,158363900.000,158367599.000,6
2024-01-07,23,1,2718.0,2718.0,158367500.000,158370218.000,6
2024-01-09,09,1,3204.0,3204.0,158490051.000,158493255.000,6
2024-01-09,10,1,2858.0,2858.0,158494341.000,158497199.000,6
2024-01-09,11,1,273.0,273.0,158497100.000,158497373.000,6
2024-01-11,01,1,2803.0,2803.0,158634796.000,158637599.000,18
2024-01-11,02,1,3699.0,3699.0,158637500.000,158641199.000,18
2024-01-11,03,1,748.0,748.0,158641100.000,158641848.000,18
2024-01-15,14,1,2513.0,2513.0,159027486.000,159029999.000,3
2024-01-15,15,2,2871.0,3699.0,159029900.000,159033599.000,3
2024-01-15,16,1,1183.0,1183.0,159033500.000,159034683.000,3
2024-01-17,04,1,169.0,169.0,159166630.000,159166799.000,3
2024-01-17,05,2,2756.0,3699.0,159166700.000,159170399.000,3
2024-01-17,06,1,3470.0,3470.0,159170300.000,159173770.000,3
2024-01-18,22,1,1350.0,1350.0,159316649.000,159317999.000,2
2024-01-18,23,1,3699.0,3699.0,159317900.000,159321599.000,2
2024-01-19,00,1,2534.0,2534.0,159321500.000,159324034.000,1
2024-01-20,11,1,1928.0,1928.0,159449271.000,159451199.000,3
2024-01-20,12,2,2756.0,3699.0,159451100.000,159454799.000,3
2024-01-20,13,1,2300.0,2300.0,159454700.000,159457000.000,3
2024-01-21,18,1,3546.0,3546.0,159559253.000,159562799.000,3
2024-01-21,19,1,3699.0,3699.0,159562700.000,159566399.000,3
2024-01-21,20,1,510.0,510.0,159566300.000,159566810.000,3
2024-01-22,21,1,2408.0,2408.0,159657591.000,159659999.000,3
2024-01-22,22,1,3699.0,3699.0,159659900.000,159663599.000,3
2024-01-22,23,1,1626.0,1626.0,159663500.000,159665126.000,3
2024-01-23,23,1,3240.0,3240.0,159750359.000,159753599.000,1
2024-01-24,00,1,3699.0,3699.0,159753500.000,159757199.000,6
2024-01-24,01,1,573.0,573.0,159757100.000,159757673.000,6
2024-01-24,22,1,60.0,60.0,159836339.000,159836399.000,6
2024-01-24,23,1,3660.0,3660.0,159836339.000,159839999.000,6
2024-01-25,00,1,3699.0,3699.0,159839900.000,159843599.000,10
2024-01-25,01,1,437.0,437.0,159843500.000,159843937.000,10
2024-01-25,21,1,1691.0,1691.0,159917508.000,159919199.000,10
2024-01-25,22,1,3699.0,3699.0,159919100.000,159922799.000,10
2024-01-25,23,1,2651.0,2651.0,159922700.000,159925351.000,10
2024-01-26,18,1,2361.0,2361.0,159992438.000,159994799.000,6
2024-01-26,19,1,3699.0,3699.0,159994700.000,159998399.000,6
2024-01-26,20,1,2211.0,2211.0,159998300.000,160000511.000,6
2024-01-27,15,1,3069.0,3069.0,160067330.000,160070399.000,6
2024-01-27,16,1,3699.0,3699.0,160070300.000,160073999.000,6
2024-01-27,17,1,1930.0,1930.0,160073900.000,160075830.000,6
2024-01-28,10,1,1751.0,1751.0,160137048.000,160138799.000,6
2024-01-28,11,1,3699.0,3699.0,160138700.000,160142399.000,6
2024-01-28,12,1,3071.0,3071.0,160142300.000,160145371.000,6
2024-01-29,02,1,1632.0,1632.0,160194607.000,160196239.000,10
2024-01-29,03,1,2416.0,2416.0,160197583.000,160199999.000,10
2024-01-29,04,2,2416.0,3699.0,160199900.000,160203599.000,10
2024-01-29,05,1,3581.0,3581.0,160203582.000,160207163.000,10
2024-01-29,06,1,63.0,63.0,160207100.000,160207163.000,10
2024-01-30,02,1,1162.0,1162.0,160281637.000,160282799.000,10
2024-01-30,03,2,2355.0,3699.0,160282700.000,160286399.000,10
2024-01-30,04,1,2709.0,2709.0,160286300.000,160289009.000,10
2024-01-30,05,1,3369.0,3369.0,160290230.000,160293599.000,10
2024-01-30,06,1,412.0,412.0,160293500.000,160293912.000,10
2024-01-31,01,2,1976.0,3314.0,160362285.000,160365599.000,12
2024-01-31,02,1,3699.0,3699.0,160365500.000,160369199.000,12
2024-01-31,03,2,2358.0,3699.0,160369100.000,160372799.000,12
2024-01-31,04,1,2181.0,2181.0,160372700.000,160374881.000,12
2024-01-31,22,2,2620.0,3559.0,160437640.000,160441199.000,12
2024-01-31,23,1,3108.0,3108.0,160441100.000,160444208.000,12
2024-02-01,00,1,2892.0,2892.0,160445507.000,160448399.000,14
2024-02-01,01,1,1762.0,1762.0,160448300.000,160450062.000,14
2024-02-01,18,1,268.0,268.0,160512931.000,160513199.000,14
2024-02-01,19,1,3699.0,3699.0,160513100.000,160516799.000,14
2024-02-01,20,1,3699.0,3699.0,160516700.000,160520399.000,14
2024-02-01,21,1,3699.0,3699.0,160520300.000,160523999.000,14
2024-02-01,22,1,1112.0,1112.0,160523900.000,160525012.000,14
2024-02-02,15,1,31.0,31.0,160588768.000,160588799.000,16
2024-02-02,16,1,3631.0,3631.0,160588768.000,160592399.000,16
2024-02-02,17,1,3699.0,3699.0,160592300.000,160595999.000,16
2024-02-02,18,1,3699.0,3699.0,160595900.000,160599599.000,16
2024-02-02,19,1,920.0,920.0,160599500.000,160600420.000,16
2024-02-04,12,1,466.0,466.0,160750333.000,160750799.000,5
2024-02-04,13,1,3699.0,3699.0,160750700.000,160754399.000,5
2024-02-04,14,1,3699.0,3699.0,160754300.000,160757999.000,5
2024-02-04,15,1,3699.0,3699.0,160757900.000,160761599.000,5
2024-02-04,16,1,776.0,776.0,160761500.000,160762276.000,5
2024-02-05,12,1,250.0,250.0,160836949.000,160837199.000,4
2024-02-05,13,1,3699.0,3699.0,160837100.000,160840799.000,4
2024-02-05,14,1,3699.0,3699.0,160840700.000,160844399.000,4
2024-02-05,15,1,694.0,694.0,160844300.000,160844994.000,4
2024-02-06,06,1,1383.0,1383.0,160900616.000,160901999.000,3
2024-02-06,07,1,3699.0,3699.0,160901900.000,160905599.000,3
2024-02-06,08,1,2911.0,2911.0,160905500.000,160908411.000,3
2024-02-07,01,1,554.0,554.0,160969767.000,160970321.000,7
2024-02-07,02,2,2592.0,3699.0,160970300.000,160973999.000,7
2024-02-07,03,2,2759.0,3699.0,160973900.000,160977599.000,7
2024-02-07,04,1,401.0,401.0,160977500.000,160977901.000,7
2024-02-07,22,1,2452.0,2452.0,161042300.000,161044752.000,7
2024-02-07,23,1,983.0,983.0,161046099.000,161047082.000,7
2024-02-08,21,1,2675.0,2675.0,161126124.000,161128799.000,3
2024-02-08,22,1,2703.0,2703.0,161128700.000,161131403.000,3
2024-02-08,23,1,837.0,837.0,161132748.000,161133585.000,3
2024-02-09,22,1,131.0,131.0,161218668.000,161218799.000,2
2024-02-09,23,1,3699.0,3699.0,161218700.000,161222399.000,2
2024-02-10,00,2,2556.0,3664.0,161222300.000,161225964.000,2
2024-02-10,01,1,64.0,64.0,161225900.000,161225964.000,2
2024-02-11,05,1,2203.0,2203.0,161328196.000,161330399.000,3
2024-02-11,06,1,3699.0,3699.0,161330300.000,161333999.000,3
2024-02-11,07,1,1646.0,1646.0,161333900.000,161335546.000,3
2024-02-12,15,1,3029.0,3029.0,161449770.000,161452799.000,3
2024-02-12,16,2,2763.0,3699.0,161452700.000,161456399.000,3
2024-02-12,17,1,537.0,537.0,161456300.000,161456837.000,3
2024-02-14,08,1,370.0,370.0,161600029.000,161600399.000,3
2024-02-14,09,1,3699.0,3699.0,161600300.000,161603999.000,3
2024-02-14,10,1,3191.0,3191.0,161603900.000,161607091.000,3
2024-02-16,07,1,2380.0,2380.0,161767219.000,161769599.000,3
2024-02-16,08,1,3699.0,3699.0,161769500.000,161773199.000,3
2024-02-16,09,1,1408.0,1408.0,161773100.000,161774508.000,3
2024-02-18,09,1,2837.0,2837.0,161946762.000,161949599.000,3
2024-02-18,10,1,3699.0,3699.0,161949500.000,161953199.000,3
2024-02-18,11,1,516.0,516.0,161953100.000,161953616.000,3
2024-02-20,07,1,890.0,890.0,162114309.000,162115199.000,3
2024-02-20,08,1,3699.0,3699.0,162115100.000,162118799.000,3
2024-02-20,09,1,2568.0,2568.0,162118700.000,162121268.000,3
2024-02-22,01,1,2216.0,2216.0,162264183.000,162266399.000,3
2024-02-22,02,1,3699.0,3699.0,162266300.000,162269999.000,3
2024-02-22,03,1,1537.0,1537.0,162269900.000,162271437.000,3
2024-02-23,11,1,3456.0,3456.0,162385343.000,162388799.000,3
2024-02-23,12,2,2512.0,3699.0,162388700.000,162392399.000,3
2024-02-23,13,1,484.0,484.0,162392300.000,162392784.000,3
2024-02-24,22,1,1799.0,1799.0,162513000.000,162514799.000,2
2024-02-24,23,1,3699.0,3699.0,162514700.000,162518399.000,2
2024-02-25,00,1,1632.0,1632.0,162518300.000,162519932.000,1
2024-02-26,03,1,2329.0,2329.0,162616870.000,162619199.000,3
2024-02-26,04,1,3699.0,3699.0,162619100.000,162622799.000,3
2024-02-26,05,1,1362.0,1362.0,162622700.000,162624062.000,3
2024-02-27,11,1,2054.0,2054.0,162732345.000,162734399.000,3
2024-02-27,12,2,2354.0,3699.0,162734300.000,162737999.000,3
2024-02-27,13,1,1767.0,1767.0,162737900.000,162739667.000,3
2024-02-28,21,1,2822.0,2822.0,162853977.000,162856799.000,3
2024-02-28,22,1,3699.0,3699.0,162856700.000,162860399.000,3
2024-02-28,23,1,757.0,757.0,162860300.000,162861057.000,3
2024-03-01,03,1,1254.0,1254.0,162963545.000,162964799.000,3
2024-03-01,04,1,3699.0,3699.0,162964700.000,162968399.000,3
2024-03-01,05,1,2377.0,2377.0,162968300.000,162970677.000,3
2024-03-02,18,1,2656.0,2656.0,163102543.000,163105199.000,3
2024-03-02,19,1,3699.0,3699.0,163105100.000,163108799.000,3
2024-03-02,20,1,610.0,610.0,163108700.000,163109310.000,3
2024-03-04,05,1,1912.0,1912.0,163229287.000,163231199.000,3
2024-03-04,06,2,2795.0,3699.0,163231100.000,163234799.000,3
2024-03-04,07,1,1758.0,1758.0,163234700.000,163236458.000,3
2024-03-06,00,1,797.0,797.0,163385202.000,163385999.000,3
2024-03-06,01,1,3699.0,3699.0,163385900.000,163389599.000,3
2024-03-06,02,1,2956.0,2956.0,163389500.000,163392456.000,3
2024-03-07,23,1,2229.0,2229.0,163552970.000,163555199.000,1
2024-03-08,00,1,3699.0,3699.0,163555100.000,163558799.000,2
2024-03-08,01,1,1350.0,1350.0,163558700.000,163560050.000,2
2024-03-10,09,1,2421.0,2421.0,163761080.000,163763501.000,3
2024-03-10,10,1,2978.0,2978.0,163764621.000,163767599.000,3
2024-03-10,11,1,708.0,708.0,163767500.000,163768208.000,3
2024-03-12,14,1,3457.0,3457.0,163951342.000,163954799.000,3
2024-03-12,15,1,3699.0,3699.0,163954700.000,163958399.000,3
2024-03-12,16,1,437.0,437.0,163958300.000,163958737.000,3
2024-03-14,14,1,2839.0,2839.0,164124760.000,164127599.000,8
2024-03-14,15,1,3699.0,3699.0,164127500.000,164131199.000,8
2024-03-14,16,1,1184.0,1184.0,164131100.000,164132284.000,8
2024-03-17,22,2,1296.0,1834.0,164413765.000,164415599.000,2
2024-03-17,23,1,3699.0,3699.0,164415500.000,164419199.000,2
2024-03-18,00,1,1391.0,1391.0,164419100.000,164420491.000,1
2024-03-19,03,1,1345.0,1345.0,164517701.000,164519046.000,3
2024-03-19,04,1,3241.0,3241.0,164520358.000,164523599.000,3
2024-03-19,05,1,1712.0,1712.0,164523500.000,164525212.000,3
2024-03-20,11,1,1841.0,1841.0,164633358.000,164635199.000,3
2024-03-20,12,1,3699.0,3699.0,164635100.000,164638799.000,3
2024-03-20,13,1,2479.0,2479.0,164638700.000,164641179.000,3
2024-03-21,22,1,212.0,212.0,164760737.000,164760949.000,2
2024-03-21,23,1,2585.0,2585.0,164762214.000,164764799.000,2
2024-03-22,00,2,2217.0,3565.0,164764700.000,164768265.000,1
2024-03-23,15,1,3470.0,3470.0,164905329.000,164908799.000,3
2024-03-23,16,1,3699.0,3699.0,164908700.000,164912399.000,3
2024-03-23,17,1,334.0,334.0,164912300.000,164912634.000,3
2024-03-25,13,1,1612.0,1612.0,165072787.000,165074399.000,3
2024-03-25,14,1,3699.0,3699.0,165074300.000,165077999.000,3
2024-03-25,15,1,2212.0,2212.0,165077900.000,165080112.000,3
2024-03-27,20,1,3064.0,3064.0,165269335.000,165272399.000,3
2024-03-27,21,1,2382.0,2382.0,165272300.000,165274682.000,3
2024-03-27,22,1,409.0,409.0,165276028.000,165276437.000,3
2024-03-31,05,1,136.0,136.0,165563863.000,165563999.000,3
2024-03-31,06,1,3699.0,3699.0,165563900.000,165567599.000,3
2024-03-31,07,1,3304.0,3304.0,165567500.000,165570804.000,3
2024-04-05,14,1,2418.0,2418.0,166025981.000,166028399.000,3
2024-04-05,15,2,2461.0,3699.0,166028300.000,166031999.000,3
2024-04-05,16,1,954.0,954.0,166031900.000,166032854.000,3
2024-04-07,14,1,1630.0,1630.0,166199569.000,166201199.000,3
2024-04-07,15,1,2463.0,2463.0,166201100.000,166203563.000,3
2024-04-07,16,1,1270.0,1270.0,166204895.000,166206165.000,3
2024-04-09,01,1,453.0,453.0,166326746.000,166327199.000,3
2024-04-09,02,1,3699.0,3699.0,166327100.000,166330799.000,3
2024-04-09,03,1,2874.0,2874.0,166330700.000,166333574.000,3
2024-04-10,03,1,2296.0,2296.0,166418503.000,166420799.000,3
2024-04-10,04,1,3699.0,3699.0,166420700.000,166424399.000,3
2024-04-10,05,1,1641.0,1641.0,166424300.000,166425941.000,3
2024-04-11,03,1,2177.0,2177.0,166505022.000,166507199.000,3
2024-04-11,04,1,3699.0,3699.0,166507100.000,166510799.000,3
2024-04-11,05,1,1976.0,1976.0,166510700.000,166512676.000,3
2024-04-12,03,1,1108.0,1108.0,166592491.000,166593599.000,3
2024-04-12,04,1,3699.0,3699.0,166593500.000,166597199.000,3
2024-04-12,05,1,2419.0,2419.0,166597100.000,166599519.000,3
2024-04-13,02,1,3393.0,3393.0,166673006.000,166676399.000,5
2024-04-13,03,1,3699.0,3699.0,166676300.000,166679999.000,5
2024-04-13,04,1,448.0,448.0,166679900.000,166680348.000,5
2024-04-13,22,1,368.0,368.0,166748031.000,166748399.000,5
2024-04-13,23,1,3699.0,3699.0,166748300.000,166751999.000,5
2024-04-14,00,1,3595.0,3595.0,166751900.000,166755495.000,4
2024-04-14,18,1,3207.0,3207.0,166817192.000,166820399.000,4
2024-04-14,19,2,3031.0,3699.0,166820300.000,166823999.000,4
2024-04-14,20,1,883.0,883.0,166823900.000,166824783.000,4
2024-04-15,13,1,2684.0,2684.0,166886115.000,166888799.000,3
2024-04-15,14,2,2429.0,3699.0,166888700.000,166892399.000,3
2024-04-15,15,1,1601.0,1601.0,166892300.000,166893901.000,3
2024-04-16,07,1,3488.0,3488.0,166950111.000,166953599.000,3
2024-04-16,08,1,3699.0,3699.0,166953500.000,166957199.000,3
2024-04-16,09,1,752.0,752.0,166957100.000,166957852.000,3
2024-04-17,02,1,2138.0,2138.0,167019861.000,167021999.000,3
2024-04-17,03,1,3699.0,3699.0,167021900.000,167025599.000,3
2024-04-17,04,1,1768.0,1768.0,167025500.000,167027268.000,3
2024-04-18,00,1,546.0,546.0,167100653.000,167101199.000,3
2024-04-18,01,1,3699.0,3699.0,167101100.000,167104799.000,3
2024-04-18,02,1,3328.0,3328.0,167104700.000,167108028.000,3
2024-04-19,00,1,338.0,338.0,167187261.000,167187599.000,3
2024-04-19,01,1,3699.0,3699.0,167187500.000,167191199.000,3
2024-04-19,02,1,3521.0,3521.0,167191100.000,167194621.000,3
2024-04-20,01,1,3450.0,3450.0,167274149.000,167277599.000,3
2024-04-20,02,1,3699.0,3699.0,167277500.000,167281199.000,3
2024-04-20,03,1,186.0,186.0,167281100.000,167281286.000,3
2024-04-21,05,1,74.0,74.0,167378325.000,167378399.000,3
2024-04-21,06,2,2712.0,3674.0,167378325.000,167381999.000,3
2024-04-21,07,1,3312.0,3312.0,167381900.000,167385212.000,3
2024-04-22,13,1,312.0,312.0,167493287.000,167493599.000,3
2024-04-22,14,1,3699.0,3699.0,167493500.000,167497199.000,3
2024-04-22,15,2,2625.0,3441.0,167497100.000,167500541.000,3
2024-04-24,02,1,346.0,346.0,167626453.000,167626799.000,3
2024-04-24,03,1,3699.0,3699.0,167626700.000,167630399.000,3
2024-04-24,04,1,3149.0,3149.0,167630300.000,167633449.000,3
2024-04-25,22,1,2661.0,2661.0,167782538.000,167785199.000,2
2024-04-25,23,1,3699.0,3699.0,167785100.000,167788799.000,2
2024-04-26,00,1,716.0,716.0,167788700.000,167789416.000,1
2024-04-27,22,1,1885.0,1885.0,167956114.000,167957999.000,2
2024-04-27,23,1,3699.0,3699.0,167957900.000,167961599.000,2
2024-04-28,00,1,1301.0,1301.0,167961500.000,167962801.000,1
2024-04-30,19,1,1936.0,1936.0,168204463.000,168206399.000,9
2024-04-30,20,1,3699.0,3699.0,168206300.000,168209999.000,9
2024-04-30,21,1,1350.0,1350.0,168209900.000,168211250.000,9
2024-05-25,00,2,2439.0,2962.0,170295037.000,170297999.000,3
2024-05-25,01,1,3699.0,3699.0,170297900.000,170301599.000,3
2024-05-25,02,1,446.0,446.0,170301500.000,170301946.000,3
2024-05-26,17,1,280.0,280.0,170445319.000,170445599.000,3
2024-05-26,18,1,3699.0,3699.0,170445500.000,170449199.000,3
2024-05-26,19,2,1980.0,3129.0,170449100.000,170452229.000,3
2024-05-28,03,1,1959.0,1959.0,170566040.000,170567999.000,3
2024-05-28,04,1,3699.0,3699.0,170567900.000,170571599.000,3
2024-05-28,05,1,2061.0,2061.0,170571500.000,170573561.000,3
2024-05-29,05,1,3520.0,3520.0,170658079.000,170661599.000,3
2024-05-29,06,1,3699.0,3699.0,170661500.000,170665199.000,3
2024-05-29,07,1,897.0,897.0,170665100.000,170665997.000,3
2024-05-30,03,1,1288.0,1288.0,170739511.000,170740799.000,3
2024-05-30,04,1,3699.0,3699.0,170740700.000,170744399.000,3
2024-05-30,05,1,2762.0,2762.0,170744300.000,170747062.000,3
2024-05-31,00,1,2178.0,2178.0,170814221.000,170816399.000,6
2024-05-31,01,1,3699.0,3699.0,170816300.000,170819999.000,6
2024-05-31,02,1,2322.0,2322.0,170819900.000,170822222.000,6
2024-05-31,18,1,2918.0,2918.0,170878281.000,170881199.000,6
2024-05-31,19,2,2887.0,3699.0,170881100.000,170884799.000,6
2024-05-31,20,1,1271.0,1271.0,170884700.000,170885971.000,6
2024-06-01,10,1,3204.0,3204.0,170935595.000,170938799.000,3
2024-06-01,11,2,2486.0,3699.0,170938700.000,170942399.000,3
2024-06-01,12,1,1441.0,1441.0,170942300.000,170943741.000,3
2024-06-02,03,1,1091.0,1091.0,170998908.000,170999999.000,7
2024-06-02,04,1,3699.0,3699.0,170999900.000,171003599.000,7
2024-06-02,05,1,3699.0,3699.0,171003500.000,171007199.000,7
2024-06-02,06,1,138.0,138.0,171007100.000,171007238.000,7
2024-06-02,21,1,1966.0,1966.0,171062833.000,171064799.000,7
2024-06-02,22,1,3699.0,3699.0,171064700.000,171068399.000,7
2024-06-02,23,1,2649.0,2649.0,171068300.000,171070949.000,7
2024-06-03,13,1,1746.0,1746.0,171120653.000,171122399.000,3
2024-06-03,14,1,2783.0,2783.0,171122300.000,171125083.000,3
2024-06-03,15,1,2250.0,2250.0,171126306.000,171128556.000,3
2024-06-04,05,1,1643.0,1643.0,171178356.000,171179999.000,4
2024-06-04,06,1,3699.0,3699.0,171179900.000,171183599.000,4
2024-06-04,07,1,3035.0,3035.0,171183500.000,171186535.000,4
2024-06-04,23,1,2472.0,2472.0,171242327.000,171244799.000,4
2024-06-05,00,1,3699.0,3699.0,171244700.000,171248399.000,6
2024-06-05,01,1,1937.0,1937.0,171248300.000,171250237.000,6
2024-06-05,16,1,51.0,51.0,171305948.000,171305999.000,6
2024-06-05,17,1,3651.0,3651.0,171305948.000,171309599.000,6
2024-06-05,18,2,3127.0,3699.0,171309500.000,171313199.000,6
2024-06-05,19,1,404.0,404.0,171313100.000,171313504.000,6
2024-06-06,09,1,2416.0,2416.0,171364347.000,171366763.000,3
2024-06-06,10,1,2706.0,2706.0,171368093.000,171370799.000,3
2024-06-06,11,1,949.0,949.0,171370700.000,171371649.000,3
2024-06-07,04,1,2455.0,2455.0,171433144.000,171435599.000,3
2024-06-07,05,1,3699.0,3699.0,171435500.000,171439199.000,3
2024-06-07,06,1,1641.0,1641.0,171439100.000,171440741.000,3
2024-06-08,01,1,2886.0,2886.0,171508313.000,171511199.000,4
2024-06-08,02,1,3699.0,3699.0,171511100.000,171514799.000,4
2024-06-08,03,1,998.0,998.0,171514700.000,171515698.000,4
2024-06-08,23,1,496.0,496.0,171589903.000,171590399.000,4
2024-06-09,00,1,3699.0,3699.0,171590300.000,171593999.000,2
2024-06-09,01,1,2747.0,2747.0,171593900.000,171596647.000,2
2024-06-10,01,1,2428.0,2428.0,171681571.000,171683999.000,3
2024-06-10,02,1,3699.0,3699.0,171683900.000,171687599.000,3
2024-06-10,03,1,1264.0,1264.0,171687500.000,171688764.000,3
2024-06-11,07,1,468.0,468.0,171791531.000,171791999.000,3
2024-06-11,08,2,2355.0,3699.0,171791900.000,171795599.000,3
2024-06-11,09,1,3006.0,3006.0,171795500.000,171798506.000,3
2024-06-13,03,2,2143.0,2773.0,171947626.000,171950399.000,8
2024-06-13,04,1,3699.0,3699.0,171950300.000,171953999.000,8
2024-06-13,05,1,434.0,434.0,171953900.000,171954334.000,8
2024-07-24,23,1,2224.0,2224.0,175562575.000,175564799.000,1
2024-07-25,00,1,3699.0,3699.0,175564700.000,175568399.000,5
2024-07-25,01,1,1993.0,1993.0,175568300.000,175570293.000,5
2024-07-25,21,1,372.0,372.0,175643627.000,175643999.000,5
2024-07-25,22,1,3699.0,3699.0,175643900.000,175647599.000,5
2024-07-25,23,1,3456.0,3456.0,175647500.000,175650956.000,5
2024-07-27,04,1,1883.0,1883.0,175753716.000,175755599.000,3
2024-07-27,05,1,3699.0,3699.0,175755500.000,175759199.000,3
2024-07-27,06,1,1562.0,1562.0,175759100.000,175760662.000,3
2024-07-29,11,1,2516.0,2516.0,175950178.000,175952694.000,2
2024-07-29,12,1,3087.0,3087.0,175953847.000,175956934.000,2
2024-08-06,12,1,359.0,359.0,176648040.000,176648399.000,3
2024-08-06,13,1,1270.0,1270.0,176648300.000,176649570.000,3
2024-08-06,19,1,1418.0,1418.0,176671502.000,176672920.000,3
2024-08-07,01,1,759.0,759.0,176694440.000,176695199.000,10
2024-08-07,02,1,720.0,720.0,176695100.000,176695820.000,10
2024-09-03,16,1,808.0,808.0,179079797.000,179080605.000,3
2024-09-03,22,1,1844.0,1844.0,179101755.000,179103599.000,3
2024-09-03,23,1,518.0,518.0,179103500.000,179104018.000,3
2024-09-04,04,1,717.0,717.0,179124482.000,179125199.000,7
2024-09-04,05,1,1855.0,1855.0,179125100.000,179126955.000,7
2024-09-04,09,1,707.0,707.0,179142492.000,179143199.000,7
2024-09-04,10,1,1336.0,1336.0,179143100.000,179144436.000,7
2024-09-04,16,1,1975.0,1975.0,179165184.000,179167159.000,7
2024-09-04,22,1,1596.0,1596.0,179188403.000,179189999.000,7
2024-09-04,23,1,697.0,697.0,179189900.000,179190597.000,7
2024-09-05,03,1,2101.0,2101.0,179205749.000,179207850.000,5
2024-09-05,08,1,2328.0,2328.0,179222795.000,179225123.000,5
2024-09-05,13,1,2106.0,2106.0,179240459.000,179242565.000,5
2024-09-05,19,1,2245.0,2245.0,179263354.000,179265599.000,5
2024-09-05,20,1,131.0,131.0,179265500.000,179265631.000,5
2024-09-06,01,1,1097.0,1097.0,179286102.000,179287199.000,8
2024-09-06,02,1,1612.0,1612.0,179287100.000,179288712.000,8
2024-09-06,06,1,576.0,576.0,179304623.000,179305199.000,8
2024-09-06,07,1,1346.0,1346.0,179305100.000,179306446.000,8
2024-09-06,11,1,2000.0,2000.0,179321199.000,179323199.000,8
2024-09-06,12,1,356.0,356.0,179323100.000,179323456.000,8
2024-09-06,17,1,554.0,554.0,179344245.000,179344799.000,8
2024-09-06,18,1,1645.0,1645.0,179344700.000,179346345.000,8
2024-09-07,00,1,2603.0,2603.0,179367032.000,179369635.000,6
2024-09-07,05,1,1927.0,1927.0,179385202.000,179387129.000,6
2024-09-07,10,1,1769.0,1769.0,179402929.000,179404698.000,6
2024-09-07,16,1,2170.0,2170.0,179424882.000,179427052.000,6
2024-09-07,22,1,1031.0,1031.0,179448168.000,179449199.000,6
2024-09-07,23,1,1419.0,1419.0,179449100.000,179450519.000,6
2024-09-08,03,1,1762.0,1762.0,179465437.000,179467199.000,7
2024-09-08,04,1,639.0,639.0,179467100.000,179467739.000,7
2024-09-08,08,1,2204.0,2204.0,179482960.000,179485164.000,7
2024-09-08,09,1,64.0,64.0,179485100.000,179485164.000,7
2024-09-08,14,1,1271.0,1271.0,179505528.000,179506799.000,7
2024-09-08,15,1,1131.0,1131.0,179506700.000,179507831.000,7
2024-09-08,21,1,2464.0,2464.0,179528815.000,179531279.000,7
2024-09-09,02,1,2059.0,2059.0,179546762.000,179548821.000,6
2024-09-09,06,1,215.0,215.0,179564184.000,179564399.000,6
2024-09-09,07,1,1872.0,1872.0,179564300.000,179566172.000,6
2024-09-09,13,1,2420.0,2420.0,179586542.000,179588962.000,6
2024-09-09,19,1,973.0,973.0,179610226.000,179611199.000,6
2024-09-09,20,1,1032.0,1032.0,179611100.000,179612132.000,6
2024-09-10,00,1,1618.0,1618.0,179627581.000,179629199.000,7
2024-09-10,01,1,454.0,454.0,179629100.000,179629554.000,7
2024-09-10,05,1,1750.0,1750.0,179645271.000,179647021.000,7
2024-09-10,11,1,1221.0,1221.0,179667578.000,179668799.000,7
2024-09-10,12,1,1149.0,1149.0,179668700.000,179669849.000,7
2024-09-10,18,1,1653.0,1653.0,179691155.000,179692808.000,7
2024-09-10,23,1,1749.0,1749.0,179708600.000,179710349.000,7
2024-09-11,03,1,902.0,902.0,179725497.000,179726399.000,8
2024-09-11,04,1,1316.0,1316.0,179726300.000,179727616.000,8
2024-09-11,08,1,1140.0,1140.0,179743259.000,179744399.000,8
2024-09-11,09,1,858.0,858.0,179744300.000,179745158.000,8
2024-09-11,14,1,243.0,243.0,179765756.000,179765999.000,8
2024-09-11,15,1,2111.0,2111.0,179765900.000,179768011.000,8
2024-09-11,21,1,2280.0,2280.0,179788876.000,179791156.000,8
2024-09-11,22,1,56.0,56.0,179791100.000,179791156.000,8
2024-09-12,02,1,1766.0,1766.0,179806947.000,179808713.000,9
2024-09-12,07,1,1987.0,1987.0,179823865.000,179825852.000,9
2024-12-31,22,1,356.0,356.0,189384843.000,189385199.000,8
2024-12-31,23,1,412.0,412.0,189385100.000,189385512.000,8
