start,fa,count,n_core,bin_us,n_det_hit,det_frac_max,max_mult,multiplet_frac,f3,pi_med,pi_ge_368,n_acd,n_acd_multi,n_acd_bg,cpd_10us,cpd_100us,cpd_1ms,cpd_10ms,cpd_env,base_zero,base_len,gti_live_s,gti_nominal_s
2021-01-20T08:11:28.312923282Z,5.092e-89,66,66,70.967,23,0.091,2,0.061,0.000,219,0.152,5,3,2035,3,3,5,27,2039,0,25,2.000,2.000
2021-02-01T02:09:25.690650612Z,0.000e+00,252,252,712.007,25,0.067,2,0.048,0.000,236,0.171,14,12,924,14,14,15,22,938,0,25,2.001,2.001
2021-02-15T13:26:41.875683695Z,2.654e-188,130,130,116.803,25,0.085,2,0.077,0.000,307,0.262,17,12,2710,14,14,17,39,2724,0,25,2.000,2.000
2021-02-15T13:26:52.767762452Z,6.504e-151,110,110,114.769,25,0.073,2,0.018,0.000,199,0.109,11,5,2786,6,6,11,36,2793,0,25,2.000,2.000
2021-02-19T17:55:51.966498807Z,2.240e-73,21,21,0.134,21,0.048,9,0.952,0.762,228,0.143,1,0,731,0,0,1,9,732,0,25,2.000,2.000
2021-02-21T13:54:08.902364015Z,6.993e-44,55,55,246.391,21,0.127,2,0.036,0.000,188,0.109,3,0,1476,1,2,3,22,1478,0,25,2.000,2.000
2021-02-21T13:54:43.302832767Z,1.710e-74,99,99,583.246,25,0.101,2,0.040,0.000,186,0.141,2,2,1530,2,2,2,10,1531,0,25,2.001,2.001
2021-02-22T00:17:18.033616662Z,6.557e-69,82,82,350.669,24,0.085,2,0.024,0.000,168,0.134,4,0,2113,2,2,4,21,2115,0,25,2.000,2.000
2021-02-27T00:35:37.948439195Z,1.122e-31,34,34,66.295,20,0.118,2,0.118,0.000,202,0.235,1,0,1582,1,1,1,16,1581,0,25,2.000,2.000
2021-02-28T20:51:00.582420215Z,7.796e-94,66,66,100.896,23,0.091,2,0.030,0.000,192,0.152,3,2,705,3,3,3,10,706,0,25,2.000,2.000
2021-03-01T14:41:53.711178302Z,9.478e-32,11,11,0.104,11,0.091,5,0.909,0.727,243,0.364,0,0,1008,0,0,0,9,1008,0,25,2.000,2.000
2021-03-07T19:13:49.994602754Z,8.657e-224,154,154,181.928,24,0.078,2,0.039,0.000,199,0.188,11,9,1336,11,11,11,19,1343,0,25,2.000,2.000
2021-03-17T08:47:06.436518028Z,1.137e-46,50,50,164.956,18,0.120,2,0.040,0.000,173,0.020,0,0,1530,0,0,0,12,1530,0,25,2.000,2.000
2021-03-24T01:34:34.210373088Z,1.080e-44,36,36,34.094,21,0.083,3,0.139,0.083,180,0.194,3,0,2842,1,1,3,35,2841,0,25,2.000,2.000
2021-03-25T04:08:02.114817738Z,2.039e-50,46,46,116.229,21,0.130,1,0.000,0.000,185,0.087,1,0,1119,1,1,1,10,1119,0,25,2.000,2.000
2021-03-29T06:56:37.830953419Z,0.000e+00,172,172,122.711,23,0.064,2,0.023,0.000,306,0.285,17,15,1080,15,16,17,29,1097,0,25,2.000,2.000
2021-03-31T06:20:54.234348908Z,5.769e-127,107,107,223.413,24,0.075,2,0.056,0.000,239,0.131,6,0,1335,3,4,6,27,1340,0,25,2.000,2.000
2021-04-04T03:29:47.560221195Z,2.995e-180,132,132,269.711,25,0.068,3,0.068,0.023,224,0.295,2,0,639,1,2,2,11,640,0,25,2.000,2.000
2021-04-09T20:11:12.010534852Z,3.892e-45,41,41,91.523,18,0.122,2,0.049,0.000,222,0.122,0,0,1183,0,0,0,14,1183,0,25,2.000,2.000
2021-04-09T23:47:53.165749669Z,1.373e-108,77,77,94.965,22,0.078,1,0.000,0.000,219,0.195,4,0,1169,1,1,4,11,1172,0,25,2.000,2.000
2021-04-15T22:17:44.090189129Z,0.000e+00,200,200,238.791,25,0.085,2,0.100,0.000,246,0.230,18,11,1251,17,17,19,26,1269,0,25,2.000,2.000
2021-04-17T20:10:34.446004927Z,3.713e-81,90,90,365.883,23,0.078,1,0.000,0.000,177,0.078,0,0,1571,0,0,0,17,1570,0,25,2.000,2.000
2021-04-25T23:07:27.615631863Z,2.353e-36,51,51,212.237,22,0.098,1,0.000,0.000,152,0.000,2,0,2149,0,0,2,14,2150,0,25,2.000,2.000
2021-04-26T11:11:38.649091273Z,5.490e-08,16,16,52.094,14,0.125,4,0.562,0.438,157,0.062,2,0,2202,1,1,2,25,2204,0,25,2.000,2.000
2021-04-26T12:16:34.636429354Z,4.302e-20,27,27,115.365,15,0.148,1,0.000,0.000,146,0.000,1,0,881,1,1,1,8,881,0,25,2.000,2.000
2021-04-29T18:12:43.227100014Z,3.912e-190,129,129,137.702,24,0.093,1,0.000,0.000,192,0.047,7,3,1161,4,5,8,21,1168,0,25,2.000,2.000
2021-05-02T09:42:44.440020278Z,8.590e-134,74,74,40.635,22,0.081,2,0.054,0.000,315,0.338,7,4,1027,6,6,7,14,1034,0,25,2.000,2.000
2021-05-02T21:42:10.735811367Z,3.564e-49,58,58,137.061,23,0.103,2,0.103,0.000,183,0.103,2,0,1485,2,2,2,22,1486,0,25,2.000,2.000
2021-05-07T11:37:52.077215820Z,8.650e-49,58,58,183.910,22,0.103,1,0.000,0.000,232,0.172,4,0,3012,2,2,4,32,3011,0,25,2.000,2.000
2021-05-09T00:40:10.962678536Z,1.284e-43,55,55,278.577,21,0.091,1,0.000,0.000,169,0.018,0,0,1035,0,0,0,8,1033,0,25,2.000,2.000
2021-05-09T19:50:01.719861090Z,5.338e-86,82,82,194.341,25,0.073,2,0.098,0.000,200,0.195,1,0,1470,0,0,1,13,1468,0,25,2.000,2.000
2021-05-10T21:38:43.498213931Z,5.501e-50,60,60,241.339,21,0.100,2,0.033,0.000,159,0.000,2,2,1245,2,2,2,9,1246,0,25,2.000,2.000
2021-05-10T21:43:27.914220228Z,1.557e-46,35,35,34.153,20,0.114,2,0.057,0.000,248,0.171,1,0,1303,0,0,2,11,1304,0,25,2.000,2.000
2021-05-12T09:58:08.469179421Z,1.475e-66,72,72,269.011,24,0.097,2,0.028,0.000,163,0.014,4,0,1445,2,3,5,21,1449,0,25,2.000,2.000
2021-05-13T15:41:45.263808608Z,4.010e-36,37,37,64.611,19,0.081,1,0.000,0.000,221,0.243,4,0,2144,2,2,4,30,2146,0,25,2.000,2.000
2021-05-15T08:38:22.507833391Z,3.033e-273,190,190,232.324,25,0.068,2,0.011,0.000,220,0.200,8,0,1546,4,6,8,16,1554,0,25,2.000,2.000
2021-05-16T08:43:35.338373154Z,2.912e-63,55,55,107.899,23,0.109,1,0.000,0.000,206,0.164,0,0,1367,0,0,0,16,1366,0,25,2.000,2.000
2021-05-20T03:11:30.152736291Z,5.838e-175,109,109,93.207,24,0.064,2,0.055,0.000,277,0.294,4,4,1110,4,4,4,13,1114,0,25,2.000,2.000
2021-06-13T07:52:49.275229498Z,2.018e-170,105,105,68.650,24,0.076,2,0.095,0.000,245,0.238,5,4,2013,4,4,5,24,2017,0,25,2.000,2.000
2021-06-20T15:37:51.776193350Z,1.300e-98,78,78,117.049,25,0.077,2,0.026,0.000,227,0.154,5,2,1572,4,5,5,19,1574,0,25,2.000,2.000
2021-07-04T06:17:09.805318623Z,1.034e-82,72,72,217.527,24,0.097,2,0.028,0.000,183,0.028,1,0,716,1,1,1,4,717,0,25,2.000,2.000
2021-07-10T21:19:04.518561780Z,2.608e-187,178,178,701.785,25,0.067,2,0.079,0.000,228,0.213,4,0,924,3,3,4,11,928,0,25,2.001,2.001
2021-07-13T05:23:50.409669369Z,1.682e-21,18,18,11.474,18,0.056,5,0.833,0.611,175,0.111,0,0,2269,0,0,3,27,2268,0,25,2.000,2.000
2021-07-13T05:25:12.931520134Z,5.503e-17,15,15,8.285,13,0.133,4,1.000,0.867,172,0.000,0,0,2325,0,0,4,21,2324,0,25,2.000,2.000
2021-07-13T05:25:32.319186374Z,1.028e-26,23,23,19.744,21,0.087,4,0.870,0.783,221,0.174,3,0,2410,1,1,4,28,2411,0,25,2.000,2.000
2021-07-13T21:40:50.042815402Z,1.168e-33,35,35,110.894,19,0.114,1,0.000,0.000,188,0.029,0,0,1002,0,0,0,9,1001,0,25,2.000,2.000
2021-07-13T23:05:32.965231001Z,5.547e-46,48,48,166.997,22,0.104,1,0.000,0.000,197,0.104,3,2,825,2,2,3,11,828,0,25,2.000,2.000
2021-07-21T19:38:54.538793325Z,1.064e-49,23,23,2.280,22,0.087,5,0.913,0.826,256,0.304,4,0,2099,1,1,6,19,2102,0,25,2.000,2.000
2021-07-21T20:47:36.298914059Z,1.654e-22,13,13,2.459,13,0.077,3,0.846,0.692,185,0.231,0,0,742,0,0,0,7,742,0,25,2.000,2.000
2021-07-21T20:47:40.807401463Z,1.629e-31,16,16,2.339,14,0.125,4,0.938,0.438,184,0.125,0,0,705,0,0,2,7,705,0,25,2.000,2.000
2021-07-22T23:38:31.513955742Z,3.099e-205,139,139,146.911,25,0.079,2,0.043,0.000,251,0.266,12,7,1679,9,9,13,28,1689,0,25,2.000,2.000
2021-08-01T04:38:29.069282323Z,5.374e-23,14,14,2.429,13,0.143,4,0.857,0.714,166,0.214,0,0,1584,0,0,0,19,1584,0,25,2.000,2.000
2021-08-14T09:54:29.176460236Z,0.000e+00,301,301,990.108,25,0.073,2,0.080,0.000,251,0.239,30,27,1742,29,29,30,35,1772,0,25,2.001,2.001
2021-08-15T00:21:21.284852370Z,2.024e-65,62,62,189.498,23,0.113,1,0.000,0.000,173,0.065,0,0,718,0,0,0,18,717,0,25,2.000,2.000
2021-08-16T15:11:40.192258507Z,1.144e-45,49,49,134.930,20,0.102,2,0.041,0.000,179,0.122,4,0,1521,2,2,5,17,1525,0,25,2.000,2.000
2021-08-16T17:02:27.907028809Z,5.830e-58,45,45,41.261,25,0.089,1,0.000,0.000,243,0.311,6,0,2473,2,2,7,33,2477,0,25,2.000,2.000
2021-08-16T17:02:57.687246158Z,2.341e-79,53,53,32.395,23,0.075,2,0.075,0.000,204,0.170,9,3,2460,4,4,10,27,2468,0,25,2.000,2.000
2021-08-17T00:31:49.153696730Z,8.859e-78,71,71,147.030,24,0.085,2,0.028,0.000,247,0.197,4,2,1784,3,3,5,36,1786,0,25,2.000,2.000
2021-08-20T07:47:07.988400712Z,1.183e-88,69,69,64.477,24,0.087,2,0.029,0.000,277,0.333,6,0,4204,2,2,8,46,4207,0,25,2.000,2.000
2021-08-24T05:01:44.070880159Z,8.780e-79,65,65,157.937,24,0.092,2,0.031,0.000,165,0.046,3,0,719,2,2,3,10,722,0,25,2.000,2.000
2021-08-30T02:25:13.830513Z,9.513e-60,51,51,121.832,21,0.118,1,0.000,0.000,196,0.078,0,0,646,0,0,0,6,646,0,25,2.000,2.000
2021-09-03T23:45:14.158782005Z,2.014e-119,74,74,71.973,24,0.081,2,0.081,0.000,278,0.243,2,0,676,1,1,2,12,676,0,25,2.000,2.000
2021-09-06T09:41:25.542124360Z,9.650e-72,72,72,188.336,22,0.125,2,0.056,0.000,203,0.125,4,0,1548,1,2,5,17,1550,0,25,2.000,2.000
2021-09-07T19:04:12.325536683Z,2.439e-85,70,70,137.612,22,0.114,1,0.000,0.000,182,0.043,0,0,959,0,0,0,14,959,0,25,2.000,2.000
2021-09-07T20:46:24.792598992Z,9.164e-87,62,62,76.994,23,0.097,2,0.032,0.000,221,0.177,4,4,1099,4,4,4,13,1101,0,25,2.000,2.000
2021-09-08T21:01:30.019765853Z,6.614e-252,138,138,93.251,24,0.072,3,0.080,0.022,269,0.246,2,0,657,2,2,2,7,659,0,25,2.000,2.000
2021-09-09T21:06:52.969738557Z,3.213e-67,48,48,66.519,21,0.104,1,0.000,0.000,220,0.146,2,0,686,2,2,2,8,688,0,25,2.000,2.000
2021-09-11T19:44:56.287040680Z,4.127e-90,69,69,138.700,24,0.101,2,0.029,0.000,207,0.072,4,0,665,4,4,4,10,668,0,25,2.000,2.000
2021-09-12T18:07:44.306497558Z,5.564e-100,63,63,58.398,23,0.095,2,0.032,0.000,336,0.476,3,0,695,2,2,3,10,697,0,25,2.000,2.000
2021-09-15T16:47:50.906741008Z,3.474e-22,13,13,2.518,13,0.077,3,0.846,0.231,188,0.231,1,0,747,1,1,1,8,746,0,25,2.000,2.000
2021-09-21T05:42:10.825429901Z,2.280e-32,27,27,38.505,14,0.148,2,0.074,0.000,215,0.111,2,0,737,0,1,2,7,738,0,25,2.000,2.000
2021-09-21T07:20:05.639989376Z,6.602e-26,30,30,99.659,15,0.167,1,0.000,0.000,171,0.067,1,0,747,0,0,1,5,748,0,25,2.000,2.000
2021-09-24T13:55:59.153866440Z,1.344e-151,122,122,225.708,24,0.090,2,0.033,0.000,177,0.057,2,0,1570,1,1,5,22,1572,0,25,2.000,2.000
2021-09-26T02:52:27.449503734Z,6.152e-294,158,158,85.905,24,0.070,2,0.101,0.000,282,0.291,9,6,747,8,8,9,20,755,0,25,2.000,2.000
2021-09-26T06:12:49.860244989Z,1.708e-63,53,53,58.472,23,0.132,2,0.038,0.000,228,0.170,6,2,3334,2,2,6,34,3340,0,25,2.000,2.000
2021-09-28T14:43:36.529830113Z,2.027e-160,111,111,95.621,24,0.081,3,0.045,0.027,279,0.315,7,5,2537,5,5,7,32,2542,0,25,2.000,2.000
2021-10-03T02:16:43.163763478Z,1.268e-43,34,34,46.432,18,0.118,1,0.000,0.000,211,0.176,0,0,790,0,0,0,8,789,0,25,2.000,2.000
2021-10-07T13:47:20.865018144Z,2.060e-178,119,119,112.921,25,0.084,2,0.034,0.000,246,0.218,7,5,1021,6,6,7,15,1027,0,25,2.000,2.000
2021-10-13T17:27:55.517319113Z,3.317e-113,65,65,39.652,25,0.077,2,0.062,0.000,312,0.369,2,2,678,2,2,2,8,679,0,25,2.000,2.000
2021-10-14T19:18:32.213319152Z,6.713e-27,28,28,72.598,19,0.107,2,0.071,0.000,211,0.000,2,0,708,1,1,2,9,710,0,25,2.000,2.000
2021-10-21T15:36:52.733745828Z,2.227e-75,22,22,0.164,21,0.091,5,0.909,0.727,206,0.045,0,0,621,0,0,0,4,621,0,25,2.000,2.000
2021-10-22T23:53:11.906048744Z,8.435e-299,179,179,189.409,25,0.067,2,0.034,0.000,223,0.156,7,7,659,7,7,8,19,666,0,25,2.000,2.000
2021-10-23T06:11:01.881350398Z,4.458e-39,48,48,146.523,22,0.125,1,0.000,0.000,171,0.000,2,0,1998,1,1,2,21,1999,0,25,2.000,2.000
2021-10-25T22:34:26.218818470Z,7.027e-42,43,43,156.879,20,0.116,1,0.000,0.000,222,0.140,3,0,628,2,2,3,12,629,0,25,2.000,2.000
2021-10-26T17:58:57.036146774Z,1.488e-73,49,49,48.578,23,0.102,1,0.000,0.000,228,0.224,2,2,928,2,2,2,12,928,0,25,2.000,2.000
2021-10-28T14:24:08.239651218Z,2.036e-212,124,124,90.718,25,0.065,2,0.097,0.000,252,0.290,4,0,783,4,4,4,14,786,0,25,2.000,2.000
2021-10-28T21:14:24.887640014Z,6.173e-106,79,79,149.772,24,0.089,2,0.025,0.000,196,0.101,0,0,683,0,0,0,5,682,0,25,2.000,2.000
2021-10-29T14:29:16.790856540Z,2.222e-108,65,65,43.809,23,0.077,2,0.092,0.000,259,0.200,1,0,867,1,1,1,5,867,0,25,2.000,2.000
2021-11-09T03:10:44.187917307Z,2.687e-53,58,58,174.299,22,0.103,2,0.034,0.000,209,0.190,7,2,1152,4,4,7,17,1159,0,25,2.000,2.000
2021-11-10T05:08:51.568165674Z,3.293e-159,114,114,130.877,25,0.061,2,0.053,0.000,223,0.105,3,0,1672,1,1,3,11,1672,0,25,2.000,2.000
2021-11-11T07:13:54.032539188Z,9.812e-117,94,94,169.262,25,0.074,2,0.021,0.000,253,0.223,7,0,1189,4,4,7,26,1196,0,25,2.000,2.000
2021-11-13T02:09:57.012385800Z,6.150e-76,58,58,67.815,23,0.103,2,0.034,0.000,279,0.241,3,0,1485,1,2,3,17,1486,0,25,2.000,2.000
2021-11-22T01:59:38.129079848Z,4.326e-106,78,78,92.238,23,0.103,2,0.026,0.000,234,0.167,5,0,1610,2,2,5,16,1614,0,25,2.000,2.000
2021-11-26T20:14:54.286592245Z,9.239e-51,61,61,316.769,24,0.115,2,0.033,0.000,206,0.049,0,0,659,0,0,0,5,659,0,25,2.000,2.000
2021-12-04T01:37:23.893353924Z,2.502e-99,84,84,185.698,24,0.107,2,0.048,0.000,218,0.167,3,0,1365,2,2,3,19,1365,0,25,2.000,2.000
2021-12-06T12:15:46.563495844Z,1.486e-14,31,31,190.735,17,0.129,1,0.000,0.000,170,0.000,2,0,1501,0,0,3,13,1502,0,25,2.000,2.000
2021-12-12T21:41:33.038362115Z,4.344e-60,58,58,170.574,22,0.138,1,0.000,0.000,167,0.034,2,0,1194,1,1,3,19,1196,0,25,2.000,2.000
2021-12-13T23:34:18.152209103Z,0.000e+00,217,217,294.656,25,0.065,2,0.028,0.000,234,0.166,10,8,1371,10,10,10,23,1381,0,25,2.000,2.000
2021-12-15T21:07:06.889239951Z,2.939e-110,66,66,40.084,22,0.076,3,0.152,0.091,239,0.303,3,2,1304,2,2,3,18,1307,0,25,2.000,2.000
2021-12-15T21:10:56.654000192Z,2.278e-47,55,55,263.810,21,0.109,1,0.000,0.000,170,0.018,2,0,680,2,2,2,6,682,0,25,2.000,2.000
2021-12-22T19:36:38.764623746Z,1.684e-96,69,69,89.079,24,0.087,2,0.058,0.000,208,0.072,2,0,1095,2,2,2,19,1093,0,25,2.000,2.000
2021-12-28T03:16:31.017376586Z,2.064e-57,50,50,89.973,23,0.080,2,0.080,0.000,202,0.140,4,2,1117,3,3,4,16,1121,0,25,2.000,2.000
2021-12-30T10:06:27.905972823Z,2.331e-204,125,125,91.597,25,0.072,2,0.096,0.000,285,0.272,10,8,1930,9,10,10,29,1937,0,25,2.000,2.000
2021-12-31T09:01:36.008750617Z,4.299e-60,48,48,66.102,20,0.125,2,0.042,0.000,206,0.042,0,0,1388,0,0,0,17,1388,0,25,2.000,2.000
2022-01-05T08:04:53.368285268Z,2.477e-169,119,119,140.011,25,0.076,2,0.067,0.000,256,0.252,8,0,1324,5,5,8,19,1332,0,25,2.000,2.000
2022-01-10T03:38:24.738668829Z,6.459e-196,121,121,98.035,24,0.083,2,0.050,0.000,271,0.298,2,0,1179,1,1,3,14,1181,0,25,2.000,2.000
2022-01-12T05:27:10.795432165Z,3.429e-95,91,91,259.802,25,0.077,2,0.044,0.000,226,0.220,0,0,0,0,0,0,0,0,0,25,2.000,2.000
2022-01-12T09:26:38.488035261Z,1.407e-112,106,106,199.154,25,0.075,2,0.038,0.000,203,0.160,4,0,3222,1,1,4,30,3225,0,25,2.000,2.000
2022-01-22T22:24:49.663612246Z,1.616e-69,77,77,245.884,22,0.104,1,0.000,0.000,155,0.013,4,0,2159,0,0,4,30,2163,0,25,2.000,2.000
2022-01-28T21:28:09.147954538Z,1.788e-49,47,47,111.997,20,0.106,1,0.000,0.000,183,0.000,2,0,1249,1,1,2,14,1250,0,25,2.000,2.000
2022-02-11T06:20:11.069054350Z,6.137e-54,57,57,153.765,22,0.088,1,0.000,0.000,221,0.140,4,0,1746,2,3,4,16,1749,0,25,2.000,2.000
2022-02-16T15:26:20.379181027Z,5.579e-45,46,46,138.611,19,0.152,1,0.000,0.000,162,0.000,2,0,1000,1,1,2,13,1002,0,25,2.000,2.000
2022-02-24T14:40:30.288631141Z,2.122e-53,54,54,133.991,22,0.093,1,0.000,0.000,220,0.130,2,0,1137,1,1,3,12,1138,0,25,2.000,2.000
2022-02-28T13:17:17.888942658Z,8.463e-78,63,63,55.134,24,0.079,1,0.000,0.000,207,0.159,4,2,2588,2,2,5,26,2590,0,25,2.000,2.000
2022-03-09T04:37:21.767060190Z,1.155e-294,159,159,81.003,25,0.057,2,0.038,0.000,288,0.296,14,14,1137,14,14,14,25,1150,0,25,2.000,2.000
2022-03-11T04:56:30.603619143Z,3.907e-93,60,60,50.247,22,0.067,2,0.100,0.000,204,0.133,4,3,1076,4,4,4,16,1078,0,25,2.000,2.000
2022-03-15T05:05:54.848296031Z,1.216e-115,116,116,223.160,23,0.086,2,0.017,0.000,179,0.034,3,0,3055,2,2,4,31,3053,0,25,2.000,2.000
2022-03-17T23:01:55.157556638Z,4.481e-147,89,89,64.030,25,0.079,2,0.090,0.000,303,0.281,2,0,1248,1,1,3,16,1247,0,25,2.000,2.000
2022-03-26T20:48:39.097572892Z,3.886e-44,53,53,217.840,22,0.132,1,0.000,0.000,144,0.000,2,0,1255,1,1,2,8,1256,0,25,2.000,2.000
2022-03-27T19:13:33.057778716Z,8.423e-181,134,134,216.991,25,0.075,2,0.045,0.000,228,0.187,5,2,1053,4,4,5,12,1058,0,25,2.000,2.000
2022-03-29T08:56:28.598458707Z,4.578e-62,42,42,38.862,25,0.095,2,0.095,0.000,212,0.048,2,0,763,0,1,3,5,765,0,25,2.000,2.000
2022-03-30T19:35:55.713589325Z,1.980e-150,96,96,80.898,25,0.062,2,0.104,0.000,275,0.323,4,0,1144,2,2,4,13,1146,0,25,2.000,2.000
2022-04-20T09:28:17.865016564Z,3.663e-155,102,102,73.701,21,0.078,2,0.020,0.000,285,0.314,7,5,1812,6,6,8,27,1818,0,25,2.000,2.000
2022-04-20T20:47:17.811263084Z,9.091e-43,44,44,116.840,21,0.114,1,0.000,0.000,162,0.068,1,0,1186,0,0,2,7,1186,0,25,2.000,2.000
2022-05-03T03:38:25.725229337Z,1.748e-61,58,58,149.637,24,0.121,1,0.000,0.000,171,0.103,2,0,1152,1,1,2,10,1154,0,25,2.000,2.000
2022-05-13T20:32:32.156204894Z,2.121e-85,58,58,56.505,25,0.086,2,0.069,0.000,262,0.172,3,0,1379,2,2,4,17,1379,0,25,2.000,2.000
2022-05-13T20:36:38.125585287Z,1.362e-103,73,73,77.829,24,0.110,1,0.000,0.000,258,0.260,0,0,1681,0,0,0,12,1679,0,25,2.000,2.000
2022-05-16T09:40:20.993367090Z,2.250e-57,52,52,128.612,19,0.096,1,0.000,0.000,194,0.077,1,0,761,0,0,2,6,762,0,25,2.000,2.000
2022-05-19T08:22:48.505764603Z,8.202e-131,80,80,66.638,24,0.100,2,0.050,0.000,230,0.138,0,0,649,0,0,0,6,647,0,25,2.000,2.000
2022-05-30T01:18:12.854306459Z,2.527e-63,58,58,159.040,24,0.103,2,0.034,0.000,187,0.086,0,0,721,0,0,0,3,721,0,25,2.000,2.000
2022-06-17T15:10:12.578716367Z,8.379e-57,43,43,45.031,24,0.116,2,0.047,0.000,288,0.209,5,0,1395,2,4,5,19,1397,0,25,2.000,2.000
2022-06-20T09:39:28.717628255Z,3.475e-162,99,99,46.715,25,0.071,1,0.000,0.000,275,0.222,6,6,1293,6,6,6,18,1296,0,25,2.000,2.000
2022-06-24T10:42:13.679483696Z,4.113e-87,80,80,156.805,25,0.100,2,0.025,0.000,201,0.075,3,2,1269,0,0,3,17,1272,0,25,2.000,2.000
2022-06-25T09:09:44.288274526Z,3.798e-59,49,49,69.380,23,0.102,2,0.041,0.000,225,0.041,0,0,1246,0,0,0,8,1244,0,25,2.000,2.000
2022-07-14T05:31:36.812555849Z,1.955e-81,64,64,50.485,23,0.109,2,0.062,0.000,243,0.234,7,0,2639,2,3,8,26,2645,0,25,2.000,2.000
2022-07-20T20:59:28.784031525Z,8.375e-92,75,75,100.061,25,0.093,1,0.000,0.000,280,0.227,1,0,1024,0,0,1,7,1025,0,25,2.000,2.000
2022-07-30T19:47:13.028862208Z,6.402e-105,69,69,57.012,25,0.087,2,0.029,0.000,243,0.072,7,3,702,6,6,7,10,708,0,25,2.000,2.000
2022-08-07T01:54:38.115273848Z,9.890e-111,74,74,73.716,23,0.068,2,0.081,0.000,228,0.149,2,0,661,1,2,2,10,663,0,25,2.000,2.000
2022-08-07T13:18:08.971175968Z,3.284e-138,112,112,151.455,25,0.089,2,0.089,0.000,227,0.125,3,0,1366,3,3,3,12,1369,0,25,2.000,2.000
2022-08-30T11:53:55.534287109Z,4.449e-151,89,89,52.407,25,0.090,2,0.090,0.000,313,0.326,0,0,697,0,0,1,7,695,0,25,2.000,2.000
